Company:,,,Black Bull Group Limited,,,,,,,,,,,
Date:,,,2026.04.30 09:25,,,,,,,,,,,
Positions,,,,,,,,,,,,,,
Time,Position,Symbol,Type,Volume,Price,S / L,T / P,Time,Price,Commission,Swap,Profit,,
2024.08.26 13:55:02,14926498,EURUSDp,sell,0.01, 1.11721, 1.11721, 1.11652,2024.08.26 13:59:02, 1.11712,- 0.09,0.00, 0.13,,
2024.08.27 16:04:41,14980153,USDCHFp,buy,0.25, 0.84446, 0.84255, 0.84855,2024.08.27 17:32:45, 0.84253,- 2.62,0.00,- 84.42,,
2024.08.28 04:30:14,14979942,AUDUSDp,sell,0.25, 0.67975, 0.68225, 0.67615,2024.08.29 12:37:59, 0.68230,- 2.21,- 0.40,- 93.43,,
2024.08.29 15:30:18,15083515,GBPUSDp,buy,0.25, 1.31694, 1.31450, 1.32100,2024.08.30 15:36:16, 1.31638,- 2.20,- 0.82,- 20.47,,
2024.09.02 06:28:09,15176545,BRENT,buy,4, 76.162, 74.950, 77.350,2024.09.03 10:27:48, 77.211,0.00,- 1.05, 6.22,,
2024.09.02 08:33:28,15178908,EURUSDp,buy,0.02, 1.10526, 1.10127, 1.10750,2024.09.03 10:28:59, 1.10662,- 0.18,- 0.27, 4.03,,
2024.09.02 09:07:30,15180144,GBPUSDp,buy,0.02, 1.31322, 1.31014, 1.31450,2024.09.03 10:24:17, 1.31358,- 0.18,- 0.16, 1.07,,
2024.09.02 14:34:35,15186668,USDJPYp,sell,0.02, 146.938, 147.180, 146.530,2024.09.03 03:56:08, 147.182,- 0.12,- 0.65,- 4.89,,
2024.09.02 16:07:13,15192902,USDCHFp,sell,0.02, 0.85180, 0.85429, 0.85097,2024.09.03 12:22:38, 0.85329,- 0.21,- 0.50,- 5.18,,
2024.09.04 04:33:22,15267507,AUDUSDp,sell,0.02, 0.66991, 0.67241, 0.66541,2024.09.04 15:56:51, 0.67242,- 0.18,0.00,- 7.47,,
2024.09.09 11:28:27,15456437,GBPUSDp,buy,0.02, 1.30870, 1.30655, 1.31280,2024.09.09 15:56:43, 1.30891,- 0.18,0.00, 0.63,,
2024.09.09 13:27:02,15460293,NZDUSDp,buy,0.02, 0.61256, 0.61008, 0.61658,2024.09.09 15:56:26, 0.61382,- 0.18,0.00, 3.79,,
2024.09.12 03:06:30,15591535,USDCHFp,sell,0.02, 0.85278, 0.85549, 0.85250,2024.09.12 16:03:47, 0.85250,- 0.21,0.00, 0.98,,
2024.09.13 05:17:38,15650064,USDJPYp,buy,0.1, 140.974, 140.622, 141.900,2024.09.13 11:12:00, 140.877,- 0.63,0.00,- 10.36,,
2024.09.13 15:52:12,15668689,USDCHFp,buy,0.1, 0.84609, 0.84361, 0.85011,2024.09.16 09:49:04, 0.84560,- 1.06, 1.17,- 8.62,,
2024.09.16 06:29:21,15658770,USDJPYp,buy,0.1, 140.192, 139.905, 141.182,2024.09.16 09:43:02, 139.866,- 0.64,0.00,- 34.64,,
2024.09.17 11:05:04,15749224,GBPUSDp,sell,0.05, 1.32173, 1.32420, 1.31590,2024.09.17 18:15:24, 1.31760,- 0.44,0.00, 30.52,,
2024.09.17 18:14:59,15776616,GBPUSDp,sell,0.03, 1.31760, 1.32000, 1.31000,2024.09.18 10:04:14, 1.31868,- 0.27,- 0.06,- 4.79,,
2024.09.19 15:02:17,15873044,EURUSDp,sell,5.53, 1.11536, 1.11540, 1.11454,2024.09.19 15:02:18, 1.11538,- 48.65,0.00,- 16.22,,
2024.09.20 06:27:38,15901227,GBPUSDp,sell,0.03, 1.32979, 1.33326, 1.32580,2024.09.20 09:34:01, 1.33299,- 0.26,0.00,- 14.06,,
2024.09.23 11:43:32,15961516,AUDJPYp,buy,0.03, 97.712, 97.180, 98.450,2024.09.23 16:45:40, 98.451,- 0.18,0.00, 22.52,,
2024.09.23 12:00:44,15962013,EURJPYp,sell,0.03, 159.280,,,2024.09.23 12:02:42, 159.364,- 0.18,0.00,- 2.58,,
2024.09.23 12:02:48,15962065,EURJPYp,buy,0.03, 159.383, 159.990, 161.555,2024.09.24 21:26:16, 160.365,- 0.18, 0.30, 29.84,,
2024.09.23 15:48:04,15967907,AUDUSDp,sell,0.03, 0.68361, 0.68609, 0.67959,2024.09.24 05:31:55, 0.68389,- 0.26,- 0.02,- 1.23,,
2024.09.23 15:48:28,15968071,GBPUSDp,sell,0.03, 1.33238, 1.33488, 1.32838,2024.09.23 17:32:15, 1.33491,- 0.26,0.00,- 11.09,,
2024.09.24 16:20:00,15992174,AUDUSDp,sell,0.03, 0.68691, 0.68951, 0.68308,2024.09.25 00:39:19, 0.68952,- 0.26,- 0.06,- 11.36,,
2024.09.25 01:51:01,16032912,AUDUSDp,sell,0.03, 0.68979, 0.69913, 0.68578,2024.09.25 16:25:24, 0.68797,- 0.26,0.00, 7.94,,
2024.09.25 02:16:31,16033285,USDJPYp,buy,0.03, 143.088, 143.900, 144.780,2024.09.25 16:20:58, 144.100,- 0.18,0.00, 30.65,,
2024.09.25 06:28:43,16033251,EURUSDp,sell,0.03, 1.11979, 1.12239, 1.11579,2024.09.25 18:20:26, 1.11580,- 0.26,0.00, 17.47,,
2024.09.25 15:24:42,16002008,EURJPYp,sell,0.03, 161.650, 161.755, 161.455,2024.09.25 15:35:42, 161.455,- 0.18,0.00, 5.90,,
2024.09.25 16:15:42,16056263,EURJPYp,sell,0.03, 161.337, 162.000, 160.337,2024.09.26 03:34:31, 161.013,- 0.18,- 2.38, 9.84,,
2024.09.26 03:28:43,16092490,EURUSDp,buy,0.03, 1.11362, 1.11150, 1.11762,2024.09.26 15:24:45, 1.11618,- 0.26,0.00, 11.16,,
2024.09.26 03:39:47,16092635,NZDUSDp,buy,0.03, 0.62644, 0.62394, 0.63044,2024.09.26 13:54:15, 0.63043,- 0.26,0.00, 17.39,,
2024.09.26 04:48:10,16093610,AUDUSDp,buy,0.05, 0.68360, 0.68110, 0.68760,2024.09.26 13:35:50, 0.68748,- 0.44,0.00, 28.22,,
2024.09.26 09:53:43,16100006,AUDJPYp,sell,0.06, 99.379, 99.369, 98.804,2024.09.26 15:29:49, 99.369,- 0.36,0.00, 0.60,,
2024.09.27 03:32:55,16142236,AUDUSDp,sell,0.06, 0.68840, 0.69090, 0.68440,2024.09.27 03:44:24, 0.68848,- 0.52,0.00,- 0.70,,
2024.09.27 03:34:09,16142268,USDJPYp,sell,0.06, 145.220, 145.620, 145.170,2024.09.27 07:45:41, 145.621,- 0.36,0.00,- 24.03,,
2024.09.27 03:35:07,16142301,AUDUSDp,sell,0.14, 0.68836, 0.69090, 0.68440,2024.09.27 03:44:34, 0.68849,- 1.22,0.00,- 2.64,,
2024.09.27 03:35:26,16142317,USDJPYp,sell,0.14, 145.178, 145.620, 144.620,2024.09.27 07:45:41, 145.618,- 0.84,0.00,- 61.53,,
2024.09.30 00:16:47,16205439,CHFJPYp,buy,0.2, 169.553, 169.353, 169.953,2024.09.30 01:17:43, 169.481,- 1.22,0.00,- 14.61,,
2024.09.30 01:23:33,16206118,GBPUSDp,buy,0.2, 1.33817, 1.33567, 1.34217,2024.09.30 11:46:26, 1.34220,- 1.74,0.00, 116.35,,
2024.09.30 04:21:46,16206354,NZDUSDp,sell,0.2, 0.63691, 0.63742, 0.63292,2024.09.30 04:33:34, 0.63742,- 1.73,0.00,- 14.71,,
2024.09.30 05:00:32,16211581,NZDUSDp,sell,0.2, 0.63638, 0.63888, 0.63238,2024.09.30 05:27:51, 0.63573,- 1.73,0.00, 18.80,,
2024.09.30 09:09:28,16216755,USDJPYp,buy,0.2, 141.830, 140.540, 144.210,2024.09.30 11:10:24, 142.436,- 1.22,0.00, 122.82,,
2024.09.30 12:23:13,16224576,EURUSDp,sell,0.2, 1.11994, 1.12244, 1.11594,2024.09.30 17:24:52, 1.11751,- 1.73,0.00, 70.32,,
2024.10.01 02:43:14,16253412,USDSGDp,sell,0.2, 1.28458, 1.28719, 1.28058,2024.10.01 10:12:23, 1.28717,- 1.35,0.00,- 58.24,,
2024.10.01 04:21:20,16255275,EURUSDp,buy,0.2, 1.11346, 1.11321, 1.11386,2024.10.01 04:31:37, 1.11386,- 1.74,0.00, 11.56,,
2024.10.01 04:39:11,16255650,EURUSDp,buy,0.2, 1.11394, 1.11144, 1.11794,2024.10.01 10:08:14, 1.11143,- 1.73,0.00,- 72.55,,
2024.10.01 07:35:57,16258750,USDJPYp,sell,0.2, 144.365, 144.065, 143.365,2024.10.01 15:58:42, 144.066,- 1.20,0.00, 60.09,,
2024.10.01 11:39:07,16266487,EURCHFp,sell,0.1, 0.94153, 0.94143, 0.93853,2024.10.01 16:05:00, 0.93870,- 1.03,0.00, 48.34,,
2024.10.01 14:44:06,16272896,EURUSDp,buy,0.2, 1.10841, 1.10591, 1.11241,2024.10.01 16:46:35, 1.10588,- 1.74,0.00,- 73.55,,
2024.10.01 16:35:26,16263938,NZDUSDp,buy,0.2, 0.63001, 0.62705, 0.63405,2024.10.01 17:02:27, 0.63043,- 1.74,0.00, 12.18,,
2024.10.02 04:08:54,16303021,USDCADp,buy,0.2, 1.34827, 1.34577, 1.35227,2024.10.02 09:33:42, 1.34880,- 1.29,0.00, 11.41,,
2024.10.02 04:33:46,16303263,NZDUSDp,sell,0.2, 0.62993, 0.63274, 0.62590,2024.10.02 09:35:35, 0.62889,- 1.74,0.00, 30.20,,
2024.10.02 06:37:51,16305372,EURJPYp,sell,0.2, 159.493, 159.834, 158.853,2024.10.02 07:56:20, 158.839,- 1.21,0.00, 132.26,,
2024.10.02 06:37:56,16304898,AUDJPYp,sell,0.1, 99.555, 100.380, 98.115,2024.10.02 09:02:25, 98.872,- 0.60,0.00, 69.08,,
2024.10.02 09:21:35,16311044,EURCHFp,sell,0.2, 0.93612, 0.93862, 0.93212,2024.10.02 13:42:08, 0.93865,- 2.06,0.00,- 86.51,,
2024.10.02 10:17:20,16310637,EURJPYp,sell,0.2, 159.492, 160.012, 158.512,2024.10.02 13:35:56, 160.027,- 1.21,0.00,- 107.25,,
2024.10.02 11:48:36,16304777,USDJPYp,sell,0.2, 144.305, 146.610, 142.552,2024.10.03 01:28:53, 146.618,- 1.21,- 19.10,- 458.36,,
2024.10.02 13:35:52,16319451,AUDJPYp,sell,0.1, 99.749, 100.250, 98.250,2024.10.02 15:42:09, 100.249,- 0.60,0.00,- 49.88,,
2024.10.02 13:41:57,16320050,EURJPYp,sell,0.2, 160.016, 160.516, 159.016,2024.10.02 15:17:14, 160.523,- 1.20,0.00,- 101.37,,
2024.10.02 14:01:32,16320613,USDJPYp,sell,0.1, 144.781, 146.610, 143.281,2024.10.03 01:28:53, 146.618,- 0.60,- 9.55,- 182.01,,
2024.10.02 15:25:22,16323866,USDJPYp,sell,0.2, 145.063, 146.610, 143.100,2024.10.03 01:28:53, 146.618,- 1.20,- 19.10,- 308.15,,
2024.10.02 15:58:41,16326486,USDJPYp,sell,0.2, 145.397, 146.610, 140.300,2024.10.03 01:28:53, 146.618,- 1.20,- 19.10,- 241.96,,
2024.10.02 17:03:21,16331340,USDJPYp,buy,0.2, 145.727,,,2024.10.02 17:06:01, 145.591,- 1.20,0.00,- 27.10,,
2024.10.02 17:03:23,16319491,AUDJPYp,sell,0.1, 100.395, 100.890, 98.850,2024.10.02 22:47:06, 100.891,- 0.60,0.00,- 49.16,,
2024.10.02 17:54:31,16334983,USDJPYp,buy,0.2, 146.090, 145.840, 146.650,2024.10.03 01:29:12, 146.649,- 1.19, 7.10, 110.73,,
2024.10.02 19:25:54,16340543,USDJPYp,sell,0.2, 146.076, 146.750, 144.528,2024.10.03 01:30:13, 146.747,- 1.19,- 19.10,- 132.86,,
2024.10.02 23:09:27,16334057,USDJPYp,sell,0.2, 146.501, 147.000, 143.000,2024.10.03 03:41:03, 146.879,- 1.19,- 19.10,- 74.85,,
2024.10.03 02:03:56,16348666,USDJPYp,sell,0.1, 146.672,,,2024.10.03 02:05:42, 146.762,- 0.59,0.00,- 8.91,,
2024.10.03 04:06:39,16351986,USDJPYp,buy,0.05, 147.197, 146.597, 148.997,2024.10.03 07:37:46, 146.807,- 0.30,0.00,- 19.35,,
2024.10.03 04:20:29,16352312,USDCHFp,sell,0.2, 0.85092, 0.85343, 0.84692,2024.10.03 09:30:00, 0.85361,- 2.05,0.00,- 91.95,,
2024.10.03 04:23:44,16352359,USDJPYp,buy,0.05, 147.068, 146.468, 148.868,2024.10.03 07:37:11, 146.800,- 0.30,0.00,- 13.29,,
2024.10.03 06:38:23,16354612,AUDJPYp,sell,0.2, 100.757, 102.105, 100.464,2024.10.03 06:40:44, 100.789,- 1.19,0.00,- 6.35,,
2024.10.03 08:05:57,16354650,USDCADp,sell,0.2, 1.35253, 1.35500, 1.34820,2024.10.03 09:47:36, 1.35114,- 1.29,0.00, 29.94,,
2024.10.03 08:06:08,16352259,GBPUSDp,buy,0.2, 1.32225, 1.31927, 1.32827,2024.10.03 08:20:30, 1.31927,- 1.75,0.00,- 86.92,,
2024.10.03 13:32:29,16371208,USDCADp,sell,0.2, 1.35296, 1.35546, 1.34896,2024.10.03 22:43:43, 1.35339,- 1.30,0.00,- 9.26,,
2024.10.04 04:43:13,16396114,EURGBPp,sell,0.01, 0.84042, 0.83811, 0.83642,2024.10.04 14:21:27, 0.83772,- 0.12,0.00, 5.20,,
2024.10.04 04:45:26,16396152,GBPUSDp,buy,0.2, 1.31277, 1.31542, 1.31683,2024.10.04 12:50:14, 1.31333,- 1.75,0.00, 16.34,,
2024.10.04 04:51:19,16396213,EURGBPp,sell,0.01, 0.84023, 0.83811, 0.83642,2024.10.04 15:29:41, 0.83815,- 0.12,0.00, 4.00,,
2024.10.04 09:51:41,16402517,BRENT,sell,1, 77.292, 78.092, 75.292,2024.10.04 10:31:36, 78.093,0.00,0.00,- 1.17,,
2024.10.07 09:14:34,16452255,AUDUSDp,buy,0.02, 0.68047, 0.67797, 0.68447,2024.10.07 12:03:50, 0.67796,- 0.18,0.00,- 7.40,,
2024.10.07 09:16:31,16452344,EURJPYp,sell,0.02, 162.738, 163.350, 161.750,2024.10.09 01:33:59, 162.735,- 0.12,- 1.12, 0.06,,
2024.10.07 11:38:49,16458033,AUDUSDp,sell,0.02, 0.67921,,,2024.10.07 11:41:01, 0.67900,- 0.18,0.00, 0.62,,
2024.10.07 12:21:01,16459945,AUDJPYp,buy,0.02, 100.668, 100.068, 101.668,2024.10.07 12:48:25, 100.611,- 0.12,0.00,- 1.13,,
2024.10.07 13:05:19,16461876,EURCHFp,buy,0.02, 0.93959, 0.93709, 0.94359,2024.10.07 16:45:36, 0.93708,- 0.21,0.00,- 8.67,,
2024.10.07 23:37:05,16490114,USDCADp,sell,0.02, 1.36204, 1.36454, 1.35804,2024.10.08 10:03:50, 1.36451,- 0.13,- 0.14,- 5.39,,
2024.10.08 03:27:41,16492697,EURGBPp,buy,0.02, 0.83861, 0.83611, 0.84261,2024.10.09 03:14:52, 0.83782,- 0.23,- 0.18,- 3.07,,
2024.10.08 05:07:01,16493912,AUDJPYp,buy,0.02, 99.707, 99.160, 100.720,2024.10.08 05:34:41, 99.144,- 0.12,0.00,- 11.36,,
2024.10.08 05:32:39,16490092,NZDUSDp,buy,0.02, 0.61151, 0.60956, 0.61556,2024.10.09 01:33:43, 0.61373,- 0.18,- 0.05, 6.58,,
2024.10.10 04:58:44,16596529,EURGBPp,buy,0.02, 0.83719, 0.83528, 0.84114,2024.10.10 14:19:48, 0.83599,- 0.23,0.00,- 4.67,,
2024.10.10 05:06:18,16596722,EURUSDp,buy,0.02, 1.09435, 1.09185, 1.09835,2024.10.10 14:17:41, 1.09358,- 0.18,0.00,- 2.29,,
2024.10.10 07:00:02,16596175,USDJPYp,sell,0.02, 149.249, 149.850, 148.251,2024.10.10 13:04:28, 148.905,- 0.12,0.00, 6.87,,
2024.10.10 07:30:14,16595798,EURJPYp,sell,0.02, 163.540, 164.140, 162.940,2024.10.10 08:57:19, 163.265,- 0.12,0.00, 5.47,,
2024.10.31 13:50:54,19673718,EURJPYp,sell,0.1, 165.755, 167.770,,2024.11.01 15:42:15, 165.627,- 0.60,- 2.48, 12.79,,
2024.10.31 14:41:38,19675963,USDJPYp,sell,0.1, 152.810, 154.801,,2024.11.01 05:16:05, 152.186,- 0.60,- 3.08, 62.40,,
2024.11.01 12:20:13,19725479,USDJPYp,sell,0.2, 152.757,,,2024.11.01 15:41:32, 151.963,- 1.20,0.00, 158.66,,
2024.11.01 15:46:02,19735979,EURUSDp,sell,0.1, 1.09010,,,2024.11.04 16:25:32, 1.09035,- 0.91, 0.20,- 3.79,,
2024.11.04 03:34:55,20075144,AUDJPYp,buy,0.1, 100.265,,,2024.11.04 03:35:31, 100.260,- 0.60,0.00,- 0.50,,
2024.11.04 03:37:36,20077837,USDJPYp,sell,0.1, 151.884,,,2024.11.04 16:28:28, 151.770,- 0.60,0.00, 11.38,,
2024.11.04 04:01:42,20095983,EURJPYp,sell,0.1, 165.322,,,2024.11.04 16:28:00, 165.467,- 0.60,0.00,- 14.48,,
2024.11.06 02:25:10,20612810,USDJPYp,sell,0.2, 152.178,,,2024.11.06 03:00:54, 153.113,- 1.19,0.00,- 185.44,,
2024.11.06 02:44:34,20614248,USDJPYp,buy,0.2, 152.661,,,2024.11.06 02:47:33, 152.617,- 1.19,0.00,- 8.74,,
2024.11.06 03:00:20,20615133,USDJPYp,buy,0.2, 153.049,,,2024.11.06 03:02:46, 152.891,- 1.19,0.00,- 31.35,,
2024.11.06 03:03:52,20615518,USDJPYp,sell,0.2, 152.923,,,2024.11.06 04:11:20, 153.254,- 1.19,0.00,- 65.65,,
2024.11.06 05:22:16,20623111,USDJPYp,sell,0.2, 153.854,,,2024.11.06 05:26:59, 153.821,- 1.19,0.00, 6.55,,
2024.11.07 12:56:52,20721936,AUDJPYp,sell,0.1, 102.114,,,2024.11.07 13:05:59, 102.104,- 0.59,0.00, 0.98,,
2024.11.07 12:57:45,20721967,USDCHFp,sell,0.1, 0.87657,,,2024.11.07 15:31:03, 0.87442,- 1.03,0.00, 36.98,,
2024.11.07 12:58:32,20721994,USDCHFp,sell,0.2, 0.87662,,,2024.11.07 15:22:13, 0.87432,- 2.06,0.00, 79.08,,
2024.11.07 13:02:10,20722138,EURCHFp,sell,0.1, 0.94290,,,2024.11.07 15:33:07, 0.94291,- 1.03,0.00,- 0.17,,
2024.11.07 14:56:09,20727059,AUDUSDp,sell,0.1, 0.66421,,,2024.11.07 15:36:18, 0.66569,- 0.90,0.00,- 22.23,,
2024.11.08 10:57:30,20775137,AUDUSDp,sell,0.05, 0.66418,,,2024.11.08 12:55:04, 0.66353,- 0.45,0.00, 4.90,,
2024.11.08 10:59:48,20775194,USDJPYp,sell,0.05, 152.330,,,2024.11.08 13:12:27, 152.238,- 0.30,0.00, 4.55,,
2024.11.11 09:33:22,20855851,EURGBPp,buy,0.05, 0.82977, 0.82727,,2024.11.11 13:34:46, 0.82724,- 0.59,0.00,- 24.76,,
2024.11.11 09:38:38,20856042,USDCHFp,sell,0.05, 0.87756, 0.88006,,2024.11.11 15:30:53, 0.88005,- 0.52,0.00,- 21.53,,
2024.11.11 10:52:55,20859292,AUDUSDp,buy,0.05, 0.65799, 0.65789,,2024.11.11 13:07:07, 0.65802,- 0.46,0.00, 0.23,,
2024.11.11 23:50:03,20902782,USDJPYp,sell,0.05, 153.704,,,2024.11.12 10:18:03, 153.865,- 0.30,- 1.52,- 8.01,,
2024.11.12 07:57:04,20920155,USDCADp,sell,0.05, 1.39473,,,2024.11.12 10:18:08, 1.39532,- 0.33,0.00,- 3.24,,
2024.11.12 07:57:51,20920190,GBPUSDp,buy,0.05, 1.28324,,,2024.11.12 08:42:41, 1.28212,- 0.46,0.00,- 8.55,,
2024.11.13 02:11:48,20972362,USDJPYp,buy,0.02, 154.819,,,2024.11.13 02:47:20, 154.717,- 0.12,0.00,- 2.02,,
2024.11.13 02:49:21,20973069,USDJPYp,sell,0.05, 154.745, 155.345,,2024.11.13 19:03:17, 155.347,- 0.30,0.00,- 29.88,,
2024.11.13 11:50:28,20988531,USDJPYp,sell,0.01, 154.877,,,2024.11.13 12:08:57, 154.937,- 0.06,0.00,- 0.59,,
2024.11.13 12:08:45,20989144,USDJPYp,sell,0.01, 154.946,,,2024.11.13 12:08:49, 154.948,- 0.06,0.00,- 0.02,,
2024.11.14 06:05:30,21040087,USDJPYp,buy,0.01, 155.952,,,2024.11.14 15:34:13, 156.102,- 0.06,0.00, 1.49,,
2024.11.14 06:37:17,21040610,USDCADp,sell,0.01, 1.40118,,,2024.11.14 06:59:49, 1.40138,- 0.07,0.00,- 0.22,,
2024.11.14 07:51:56,21043375,AUDUSDp,sell,0.05, 0.64625,,,2024.11.14 15:38:36, 0.64582,- 0.46,0.00, 3.32,,
2024.11.14 07:52:27,21043385,EURUSDp,sell,0.01, 1.05435,,,2024.11.14 13:05:24, 1.05061,- 0.09,0.00, 5.79,,
2024.11.14 14:14:15,21062614,USDJPYp,buy,0.01, 155.936,,,2024.11.14 15:38:46, 156.118,- 0.06,0.00, 1.80,,
2024.11.14 14:14:30,21062620,EURUSDp,sell,0.01, 1.05275,,,2024.11.14 15:38:56, 1.05216,- 0.09,0.00, 0.91,,
2024.11.14 14:17:11,21062706,GBPUSDp,sell,0.01, 1.26569,,,2024.11.14 15:37:36, 1.26475,- 0.09,0.00, 1.46,,
2024.11.15 07:24:25,21097047,USDJPYp,buy,0.01, 156.395,,,2024.11.15 08:47:28, 156.086,- 0.06,0.00,- 3.06,,
2024.11.15 07:24:48,21097053,AUDUSDp,sell,0.01, 0.64628,,,2024.11.15 10:07:27, 0.64614,- 0.09,0.00, 0.22,,
2024.11.15 09:15:19,21100659,USDJPYp,sell,0.05, 155.999,,,2024.11.15 10:19:31, 155.770,- 0.30,0.00, 11.38,,
2024.11.15 10:34:15,21103554,USDJPYp,sell,0.01, 155.560,,,2024.11.15 11:01:49, 155.595,- 0.06,0.00,- 0.35,,
2024.11.15 10:38:51,21103773,USDJPYp,sell,0.2, 155.502,,,2024.11.15 10:39:25, 155.489,- 1.19,0.00, 2.59,,
2024.11.15 11:01:39,21104963,USDJPYp,buy,0.05, 155.592,,,2024.11.15 11:32:53, 155.613,- 0.30,0.00, 1.04,,
2024.11.15 11:28:01,21106205,USDJPYp,sell,0.05, 155.663,,,2024.11.15 11:28:24, 155.669,- 0.30,0.00,- 0.30,,
2024.11.15 11:39:54,21106620,USDJPYp,sell,0.05, 155.332,,,2024.11.15 13:04:54, 155.279,- 0.30,0.00, 2.64,,
2024.11.15 11:53:57,21107077,USDJPYp,sell,0.05, 155.313,,,2024.11.15 13:44:24, 155.423,- 0.30,0.00,- 5.46,,
2024.11.18 11:32:55,21170032,EURGBPp,sell,0.01, 0.83703,,,2024.11.18 11:54:56, 0.83642,- 0.12,0.00, 1.19,,
2024.11.18 12:21:33,21172668,USDJPYp,buy,0.05, 154.910,,,2024.11.18 12:53:38, 154.986,- 0.30,0.00, 3.80,,
2024.11.18 12:25:41,21172916,EURUSDp,sell,0.01, 1.05510,,,2024.11.18 12:53:14, 1.05493,- 0.09,0.00, 0.26,,
2024.11.18 13:25:55,21175471,USDJPYp,buy,0.05, 155.060,,,2024.11.18 15:09:38, 155.206,- 0.30,0.00, 7.29,,
2024.11.18 14:54:57,21179924,EURAUDp,sell,0.5, 1.63466,,,2024.11.18 14:58:35, 1.63485,- 3.00,0.00,- 9.60,,
2024.11.18 14:58:56,21180127,USDJPYp,buy,0.1, 155.261,,,2024.11.18 15:42:57, 154.980,- 0.60,0.00,- 28.06,,
2024.11.18 15:45:54,21183313,USDJPYp,sell,0.1, 154.944,,,2024.11.18 16:22:01, 154.850,- 0.60,0.00, 9.39,,
2024.11.19 03:01:36,21202883,USDJPYp,sell,0.05, 154.379,,,2024.11.19 06:29:19, 154.365,- 0.30,0.00, 0.70,,
2024.11.19 07:17:46,21210148,USDJPYp,sell,0.01, 154.324,,,2024.11.19 07:42:22, 154.460,- 0.06,0.00,- 1.35,,
2024.11.19 10:17:38,21216034,USDJPYp,sell,0.01, 154.268,,,2024.11.19 10:33:40, 154.039,- 0.06,0.00, 2.28,,
2024.11.19 10:33:47,21216794,USDJPYp,sell,0.05, 154.015,,,2024.11.19 10:39:23, 153.718,- 0.30,0.00, 14.85,,
2024.11.19 10:39:31,21217227,USDJPYp,sell,0.05, 153.664,,,2024.11.19 10:42:25, 153.344,- 0.30,0.00, 16.05,,
2024.11.19 10:56:40,21219615,USDJPYp,sell,0.05, 153.669,,,2024.11.19 11:01:57, 153.829,- 0.30,0.00,- 8.00,,
2024.11.19 11:02:02,21220017,USDJPYp,buy,0.05, 153.863,,,2024.11.19 11:05:50, 153.845,- 0.30,0.00,- 0.90,,
2024.11.19 11:13:28,21220781,USDJPYp,sell,0.01, 153.928,,,2024.11.19 11:26:48, 153.470,- 0.06,0.00, 4.60,,
2024.11.19 11:19:02,21221298,USDJPYp,sell,0.05, 153.730,,,2024.11.19 11:29:36, 153.397,- 0.30,0.00, 16.73,,
2024.11.19 11:27:05,21222654,USDJPYp,sell,0.1, 153.416,,,2024.11.19 11:29:26, 153.378,- 0.60,0.00, 3.82,,
2024.11.19 11:48:20,21224326,EURUSDp,buy,0.05, 1.05414,,,2024.11.19 12:52:32, 1.05621,- 0.46,0.00, 15.93,,
2024.11.19 12:08:53,21225496,USDJPYp,sell,0.05, 153.656,,,2024.11.19 12:29:22, 153.701,- 0.30,0.00,- 2.25,,
2024.11.19 13:45:09,21229268,USDJPYp,sell,0.01, 153.962,,,2024.11.19 14:03:55, 154.150,- 0.06,0.00,- 1.88,,
2024.11.20 06:05:05,21266385,USDJPYp,buy,0.01, 155.027,,,2024.11.20 06:38:03, 155.058,- 0.06,0.00, 0.31,,
2024.11.20 06:20:28,21266645,USDJPYp,buy,0.05, 155.108,,,2024.11.20 06:37:59, 155.058,- 0.30,0.00,- 2.47,,
2024.11.20 06:20:45,21266666,USDJPYp,buy,1, 155.126,,,2024.11.20 06:37:56, 155.058,- 5.93,0.00,- 67.20,,
2024.11.20 07:16:17,21267708,USDJPYp,buy,0.05, 155.020,,,2024.11.20 07:18:06, 155.037,- 0.30,0.00, 0.84,,
2024.11.20 08:46:21,21270702,USDJPYp,buy,0.05, 155.407,,,2024.11.20 08:48:13, 155.431,- 0.30,0.00, 1.18,,
2024.11.20 09:52:43,21274021,USDJPYp,buy,0.1, 155.653,,,2024.11.20 09:59:50, 155.658,- 0.59,0.00, 0.49,,
2024.11.20 10:06:50,21275146,USDJPYp,sell,0.01, 155.663,,,2024.11.20 10:50:26, 155.649,- 0.06,0.00, 0.14,,
2024.11.21 05:28:02,21321799,USDJPYp,sell,0.05, 154.990, 154.902,,2024.11.21 09:02:52, 154.899,- 0.30,0.00, 4.51,,
2024.11.21 09:35:18,21330694,USDJPYp,sell,0.1, 154.725, 154.841,,2024.11.21 09:38:51, 154.840,- 0.60,0.00,- 11.41,,
2024.11.21 09:45:00,21331033,USDJPYp,sell,0.01, 154.779,,,2024.11.21 11:33:53, 154.254,- 0.06,0.00, 5.23,,
2024.11.21 09:46:50,21331120,USDJPYp,sell,0.05, 154.761,,,2024.11.21 12:46:55, 154.267,- 0.30,0.00, 24.59,,
2024.11.21 09:58:29,21331508,USDJPYp,sell,0.05, 154.893,,,2024.11.21 12:46:50, 154.252,- 0.30,0.00, 31.90,,
2024.11.21 10:38:31,21333675,USDJPYp,sell,1, 154.502,,,2024.11.21 10:41:30, 154.482,- 5.96,0.00, 19.87,,
2024.11.21 10:42:27,21333885,USDJPYp,sell,10, 154.464,,,2024.11.21 10:45:05, 154.451,- 59.60,0.00, 129.18,,
2024.11.21 10:59:55,21334837,USDJPYp,sell,1, 154.438,,,2024.11.21 11:52:01, 154.422,- 5.96,0.00, 15.92,,
2024.11.21 11:10:25,21335539,USDJPYp,sell,10, 154.177,,,2024.11.21 11:17:40, 154.139,- 59.69,0.00, 378.27,,
2024.11.22 02:44:57,21372469,USDJPYp,sell,0.1, 154.255,,,2024.11.22 05:40:34, 154.231,- 0.60,0.00, 2.39,,
2024.11.22 09:19:58,21385116,USDJPYp,sell,0.05, 154.738,,,2024.11.22 09:32:54, 154.823,- 0.30,0.00,- 4.22,,
2024.11.22 09:32:47,21385648,USDJPYp,buy,0.05, 154.816,,,2024.11.22 10:07:47, 154.793,- 0.30,0.00,- 1.14,,
2024.11.22 09:52:08,21386583,USDJPYp,buy,0.01, 154.780,,,2024.11.22 10:07:54, 154.785,- 0.06,0.00, 0.05,,
2024.11.22 10:54:53,21390486,USDJPYp,sell,0.1, 154.478,,,2024.11.22 10:55:38, 154.510,- 0.60,0.00,- 3.18,,
2024.11.25 09:42:00,21461092,USDJPYp,sell,0.1, 154.174,,,2024.11.25 16:27:08, 153.752,- 0.60,0.00, 42.11,,
2024.11.25 09:58:41,21461984,USDJPYp,sell,0.1, 154.500,,,2024.11.25 15:11:17, 153.980,- 0.60,0.00, 51.85,,
2024.11.25 10:01:45,21462172,USDJPYp,buy,1, 154.614,,,2024.11.25 10:01:55, 154.648,- 5.96,0.00, 33.79,,
2024.11.25 10:08:19,21462425,USDJPYp,sell,1, 154.589,,,2024.11.25 10:12:22, 154.590,- 5.96,0.00,- 0.99,,
2024.11.26 03:47:28,21516432,USDJPYp,sell,0.1, 154.090,,,2024.11.26 05:15:36, 153.806,- 0.60,0.00, 28.46,,
2024.11.26 06:00:19,21520171,GBPJPYp,sell,0.1, 192.898,,,2024.11.26 14:20:40, 193.044,- 0.60,0.00,- 14.65,,
2024.11.26 06:37:30,21521339,GBPJPYp,sell,0.1, 193.190,,,2024.11.26 14:26:34, 192.998,- 0.60,0.00, 19.28,,
2024.11.26 07:49:38,21524423,USDJPYp,sell,0.5, 153.675,,,2024.11.26 14:09:47, 153.605,- 3.01,0.00, 35.11,,
2024.11.26 07:50:24,21524454,CADJPYp,sell,0.1, 108.880,,,2024.11.26 14:26:49, 108.752,- 0.60,0.00, 12.90,,
2024.11.26 08:02:22,21524782,AUDJPYp,sell,1, 99.730,,,2024.11.26 14:27:12, 99.659,- 6.02,0.00, 71.27,,
2024.11.26 08:44:09,21525782,USDJPYp,sell,0.5, 153.873,,,2024.11.26 14:28:46, 153.181,- 3.00,0.00, 347.40,,
2024.11.26 11:15:48,21534559,AUDJPYp,sell,0.5, 99.958,,,2024.11.26 14:32:39, 99.618,- 3.00,0.00, 170.65,,
2024.11.26 11:26:59,21535078,USDJPYp,sell,0.5, 154.042,,,2024.11.26 14:31:57, 153.109,- 3.00,0.00, 468.51,,
2024.11.27 04:28:43,21576441,USDJPYp,sell,0.5, 152.681,,,2024.11.27 05:10:51, 152.576,- 3.04,0.00, 53.17,,
2024.11.27 05:22:06,21577828,USDJPYp,sell,0.5, 152.595,,,2024.11.27 07:51:32, 152.427,- 3.04,0.00, 85.11,,
2024.11.27 09:03:19,21582695,USDJPYp,sell,0.5, 152.123,,,2024.11.27 09:37:32, 152.010,- 3.04,0.00, 57.31,,
2024.11.27 10:05:58,21585082,USDJPYp,sell,1, 151.628,,,2024.11.27 10:09:06, 151.608,- 6.10,0.00, 20.31,,
2024.11.27 12:21:29,21591344,USDJPYp,sell,0.5, 151.402,,,2024.11.27 16:31:11, 151.106,- 3.05,0.00, 150.80,,
2024.11.27 12:47:28,21592084,USDJPYp,sell,1, 151.298,,,2024.11.27 16:19:26, 151.304,- 6.11,0.00,- 6.11,,
2024.11.27 13:18:33,21593933,USDJPYp,sell,0.5, 151.552,,,2024.11.27 16:31:17, 151.132,- 3.06,0.00, 213.96,,
2024.11.28 05:34:36,21633387,GBPUSDp,sell,0.5, 1.26646,,,2024.11.28 05:40:09, 1.26651,- 4.62,0.00,- 3.85,,
2024.11.28 05:39:21,21633502,EURUSDp,sell,0.5, 1.05531,,,2024.11.28 05:39:33, 1.05532,- 4.62,0.00,- 0.77,,
2024.11.29 06:15:46,21684825,USDJPYp,sell,0.1, 149.997,,,2024.11.29 10:56:34, 150.091,- 0.61,0.00,- 9.62,,
2024.11.29 06:27:56,21685124,USDJPYp,sell,0.01, 149.917,,,2024.11.29 06:49:10, 149.981,- 0.06,0.00,- 0.65,,
2024.11.29 06:48:59,21685972,EURUSDp,sell,0.01, 1.05689, 1.06164,,2024.11.29 10:15:45, 1.05656,- 0.09,0.00, 0.51,,
2024.11.29 06:50:56,21686020,GBPUSDp,sell,0.01, 1.27091, 1.27550,,2024.11.29 10:11:58, 1.27085,- 0.09,0.00, 0.09,,
2024.11.29 07:37:55,21687815,USDJPYp,sell,0.05, 150.211,,,2024.11.29 08:03:21, 150.094,- 0.31,0.00, 5.98,,
2024.11.29 08:22:48,21689448,EURUSDp,sell,0.09, 1.05698, 1.05977,,2024.11.29 15:42:48, 1.05574,- 0.83,0.00, 17.17,,
2024.11.29 08:23:00,21689450,GBPUSDp,sell,0.09, 1.27107, 1.27550,,2024.11.29 10:11:46, 1.27103,- 0.83,0.00, 0.55,,
2024.11.29 09:37:56,21694069,GBPUSDp,sell,0.1, 1.27334, 1.27550,,2024.11.29 10:11:41, 1.27102,- 0.92,0.00, 35.62,,
2024.11.29 09:38:08,21694077,EURUSDp,sell,0.1, 1.05811, 1.05977,,2024.11.29 15:42:45, 1.05574,- 0.92,0.00, 36.46,,
2024.11.29 10:07:11,21695866,USDJPYp,sell,0.05, 150.102,,,2024.11.29 10:56:57, 150.101,- 0.31,0.00, 0.05,,
2024.11.29 11:56:08,21701501,EURUSDp,sell,1, 1.05597,,,2024.11.29 15:36:40, 1.05621,- 9.22,0.00,- 36.91,,
2024.12.02 01:34:52,21754534,USDJPYp,sell,0.01, 150.047,,,2024.12.02 11:17:11, 150.084,- 0.06,0.00,- 0.38,,
2024.12.02 05:12:10,21764347,USDJPYp,sell,0.01, 150.592,,,2024.12.02 09:52:30, 150.116,- 0.06,0.00, 4.88,,
2024.12.02 06:46:14,21767299,GBPJPYp,sell,0.5, 191.086,,,2024.12.02 11:49:50, 190.990,- 3.07,0.00, 49.15,,
2024.12.02 07:37:40,21768906,USDJPYp,sell,0.02, 150.688,,,2024.12.02 11:25:17, 150.120,- 0.12,0.00, 11.65,,
2024.12.02 08:41:44,21771674,EURUSDp,sell,0.01, 1.05313,,,2024.12.02 11:25:41, 1.05112,- 0.09,0.00, 3.09,,
2024.12.02 10:03:44,21775691,EURUSDp,sell,0.04, 1.05009,,,2024.12.02 11:25:35, 1.05113,- 0.37,0.00,- 6.40,,
2024.12.02 10:59:27,21779608,USDJPYp,sell,0.1, 150.226,,,2024.12.02 11:25:02, 150.115,- 0.61,0.00, 11.43,,
2024.12.02 11:42:02,21782178,EURGBPp,buy,0.5, 0.82773,,,2024.12.02 11:50:03, 0.82776,- 5.87,0.00, 2.93,,
2024.12.02 11:52:35,21782891,EURJPYp,sell,1, 158.144,,,2024.12.02 12:15:37, 157.950,- 6.14,0.00, 198.77,,
2024.12.03 01:08:38,21820837,USDJPYp,sell,0.5, 149.521,,,2024.12.03 15:42:37, 149.212,- 3.10,0.00, 159.66,,
2024.12.03 01:32:58,21821192,USDJPYp,sell,0.5, 149.774,,,2024.12.03 15:42:48, 149.220,- 3.09,0.00, 286.24,,
2024.12.03 04:06:00,21827049,EURJPYp,sell,0.5, 157.175,,,2024.12.03 15:37:00, 157.103,- 3.10,0.00, 37.17,,
2024.12.03 07:43:52,21830641,USDJPYp,sell,0.25, 150.138,,,2024.12.03 08:05:36, 150.040,- 1.54,0.00, 25.23,,
2024.12.03 08:19:21,21832119,EURJPYp,sell,0.5, 157.431,,,2024.12.03 15:37:22, 157.099,- 3.09,0.00, 171.41,,
2024.12.03 08:24:03,21831920,USDJPYp,sell,0.5, 150.149,,,2024.12.03 15:44:43, 149.171,- 3.09,0.00, 505.49,,
2024.12.04 03:13:01,21882124,USDJPYp,sell,0.25, 150.009,,,2024.12.04 03:33:02, 149.783,- 1.55,0.00, 58.35,,
2024.12.04 05:47:18,21888922,USDJPYp,sell,0.25, 149.704,,,2024.12.04 05:55:24, 149.819,- 1.56,0.00,- 29.92,,
2024.12.04 06:02:56,21889133,USDJPYp,sell,0.25, 149.989,,,2024.12.04 06:45:40, 149.963,- 1.56,0.00, 6.74,,
2024.12.04 08:23:42,21893530,USDJPYp,sell,0.25, 149.987,,,2024.12.04 08:51:24, 149.876,- 1.55,0.00, 28.71,,
2024.12.04 08:54:38,21894953,USDJPYp,sell,0.5, 149.941,,,2024.12.04 10:01:51, 150.485,- 3.10,0.00,- 280.72,,
2024.12.04 09:15:06,21895759,USDJPYp,sell,0.5, 150.198,,,2024.12.04 10:01:57, 150.485,- 3.10,0.00,- 148.10,,
2024.12.04 11:54:48,21905256,USDJPYp,sell,0.5, 150.567,,,2024.12.04 12:07:31, 150.766,- 3.10,0.00,- 102.83,,
2024.12.05 02:04:13,21943933,USDJPYp,sell,0.5, 150.492,,,2024.12.05 13:23:20, 150.201,- 3.10,0.00, 150.53,,
2024.12.05 03:32:01,21946258,USDJPYp,sell,0.5, 150.424,,,2024.12.05 13:22:54, 150.202,- 3.10,0.00, 114.84,,
2024.12.05 10:20:00,21965132,USDJPYp,sell,0.5, 149.917,,,2024.12.05 13:03:48, 150.167,- 3.10,0.00,- 129.33,,
2024.12.05 10:59:48,21967940,USDJPYp,buy,0.5, 150.191,,,2024.12.05 11:02:41, 150.174,- 3.10,0.00,- 8.78,,
2024.12.06 16:04:39,22091669,USDJPYp,sell,0.5, 149.608,,,2024.12.06 16:07:51, 149.715,- 3.12,0.00,- 55.65,,
2024.12.06 16:05:42,22091799,USDJPYp,sell,0.5, 149.562,,,2024.12.06 16:08:06, 149.710,- 3.12,0.00,- 76.97,,
2024.12.09 02:33:11,22140360,USDJPYp,sell,0.05, 149.759,,,2024.12.09 03:00:29, 149.869,- 0.31,0.00,- 5.74,,
2024.12.09 09:49:59,22159869,EURGBPp,buy,0.25, 0.82752,,,2024.12.09 10:28:54, 0.82782,- 2.98,0.00, 14.88,,
2024.12.09 11:34:07,22168266,USDJPYp,sell,0.5, 150.368,,,2024.12.09 13:43:44, 150.404,- 3.10,0.00,- 18.57,,
2024.12.09 14:34:22,22184287,USDJPYp,sell,0.1, 150.658, 151.310,,2024.12.09 19:01:34, 151.313,- 0.62,0.00,- 67.02,,
2024.12.11 13:06:55,22374653,USDJPYp,sell,0.05, 152.628,,,2024.12.11 15:11:05, 152.603,- 0.31,0.00, 1.29,,
2024.12.12 08:47:00,22420187,USDJPYp,sell,0.01, 152.562,,,2024.12.12 13:12:04, 152.256,- 0.06,0.00, 3.14,,
2024.12.12 08:47:27,22420199,AUDUSDp,sell,0.01, 0.64197,,,2024.12.12 13:12:13, 0.64035,- 0.09,0.00, 2.53,,
2024.12.12 10:18:22,22423033,AUDUSDp,sell,0.1, 0.64135,,,2024.12.12 13:12:33, 0.64014,- 0.94,0.00, 18.90,,
2024.12.12 10:18:29,22423036,USDJPYp,sell,0.1, 152.469,,,2024.12.12 13:12:08, 152.255,- 0.61,0.00, 21.95,,
2024.12.12 15:30:41,22436471,USDJPYp,sell,1, 152.130,,,2024.12.12 15:35:23, 152.007,- 6.17,0.00, 126.59,,
2024.12.12 15:35:57,22436932,USDJPYp,sell,1, 151.969,,,2024.12.12 15:37:28, 151.964,- 6.18,0.00, 5.15,,
2024.12.12 15:40:55,22437436,USDJPYp,sell,5, 151.845,,,2024.12.12 15:54:11, 152.007,- 30.86,0.00,- 832.84,,
2024.12.13 01:51:30,22469826,USDJPYp,sell,0.5, 152.458,,,2024.12.13 02:28:18, 152.887,- 3.09,0.00,- 220.29,,
2024.12.13 02:02:25,22469959,USDJPYp,sell,0.5, 152.709,,,2024.12.13 02:29:14, 152.896,- 3.08,0.00,- 96.03,,
2024.12.13 05:47:51,22477549,USDJPYp,sell,0.01, 152.910,,,2024.12.13 06:13:22, 153.036,- 0.06,0.00,- 1.29,,
2024.12.16 08:20:17,22551516,EURUSDp,sell,0.01, 1.05146,,,2024.12.16 11:58:06, 1.05059,- 0.09,0.00, 1.37,,
2024.12.16 08:31:18,22551812,EURCHFp,sell,0.01, 0.93675,,,2024.12.16 11:58:02, 0.93551,- 0.11,0.00, 2.19,,
2024.12.16 10:35:52,22556345,USDJPYp,buy,0.01, 153.623,,,2024.12.16 11:57:57, 153.797,- 0.06,0.00, 1.78,,
2024.12.16 11:25:49,22558236,GBPJPYp,sell,0.01, 194.393,,,2024.12.16 11:40:52, 194.679,- 0.06,0.00,- 2.92,,
2024.12.17 03:38:25,22599282,USDJPYp,buy,0.01, 153.996,,,2024.12.17 08:33:28, 154.138,- 0.06,0.00, 1.45,,
2024.12.17 03:45:44,22599538,AUDUSDp,sell,0.01, 0.63706,,,2024.12.17 08:23:45, 0.63453,- 0.09,0.00, 3.99,,
2024.12.17 04:21:34,22600201,USDJPYp,buy,0.01, 153.859,,,2024.12.17 08:33:33, 154.116,- 0.06,0.00, 2.63,,
2025.01.08 03:16:54,23456748,USDJPYp,sell,0.01, 158.046,,,2025.01.08 09:03:22, 158.030,- 0.06,0.00, 0.16,,
2025.01.08 03:47:31,23457211,EURUSDp,buy,0.01, 1.03489,,,2025.01.08 09:40:07, 1.03426,- 0.10,0.00,- 1.01,,
2025.01.08 05:22:18,23458899,USDJPYp,sell,0.01, 158.170,,,2025.01.08 09:04:33, 158.022,- 0.06,0.00, 1.50,,
2025.01.08 12:31:28,23473199,USDJPYp,sell,0.01, 158.305,,,2025.01.08 12:44:50, 158.310,- 0.06,0.00,- 0.05,,
2025.01.09 02:49:29,23518282,AUDUSDp,buy,0.01, 0.62029,,,2025.01.09 04:12:09, 0.62042,- 0.10,0.00, 0.21,,
2025.01.09 04:11:01,23520417,USDJPYp,buy,0.01, 158.081,,,2025.01.09 04:12:16, 158.084,- 0.06,0.00, 0.03,,
2025.01.09 04:11:47,23520447,AUDJPYp,buy,0.01, 98.075,,,2025.01.09 05:59:14, 97.939,- 0.06,0.00,- 1.39,,
2025.01.09 05:43:19,23522485,AUDJPYp,buy,0.01, 98.032,,,2025.01.09 05:59:11, 97.939,- 0.06,0.00,- 0.95,,
2025.01.09 09:44:55,23529113,USDJPYp,buy,0.01, 158.044,,,2025.01.09 10:24:35, 158.073,- 0.06,0.00, 0.30,,
2025.01.10 08:39:01,23578211,USDJPYp,sell,0.01, 158.402,,,2025.01.10 10:52:35, 157.843,- 0.06,0.00, 5.72,,
2025.01.13 09:40:54,23669277,EURUSDp,buy,0.01, 1.02136,,,2025.01.13 11:27:44, 1.01820,- 0.10,0.00,- 5.15,,
2025.01.13 09:43:38,23669374,USDJPYp,buy,0.01, 157.446,,,2025.01.13 10:06:00, 157.478,- 0.06,0.00, 0.33,,
2025.01.13 09:46:24,23669526,EURJPYp,buy,0.01, 160.756,,,2025.01.13 11:25:04, 160.494,- 0.06,0.00,- 2.71,,
2025.01.13 18:05:48,23689668,USDCHFp,sell,0.25, 0.92005, 0.92250,,2025.01.14 01:02:02, 0.91636,- 2.65,- 6.57, 162.73,,
2025.01.14 11:19:08,23734559,USDJPYp,sell,0.5, 157.888,,,2025.01.14 11:22:02, 157.880,- 3.07,0.00, 4.09,,
2025.01.14 15:31:12,23746282,USDJPYp,sell,0.5, 157.467,,,2025.01.14 15:34:43, 157.631,- 3.08,0.00,- 84.17,,
2025.01.15 02:14:24,23776717,USDJPYp,sell,0.5, 157.993,,,2025.01.15 03:37:57, 157.904,- 3.07,0.00, 45.54,,
2025.01.15 03:46:55,23778509,USDJPYp,sell,0.5, 157.851,,,2025.01.15 04:33:28, 157.950,- 3.07,0.00,- 50.68,,
2025.01.15 05:43:32,23781164,USDJPYp,sell,0.5, 157.911,, 157.850,2025.01.15 06:21:06, 157.843,- 3.07,0.00, 34.79,,
2025.01.15 06:33:13,23782235,USDJPYp,sell,0.5, 157.710,, 157.160,2025.01.15 08:00:50, 157.311,- 3.07,0.00, 204.97,,
2025.01.15 11:53:58,23793032,AUDUSDp,sell,0.5, 0.62038,,,2025.01.15 13:53:53, 0.62029,- 4.84,0.00, 7.25,,
2025.01.15 13:20:13,23795821,USDJPYp,sell,0.5, 156.866,,,2025.01.15 13:49:42, 157.032,- 3.08,0.00,- 85.21,,
2025.01.15 15:44:19,23804481,NZDUSDp,sell,0.5, 0.56324,,,2025.01.15 15:57:21, 0.56477,- 4.81,0.00,- 122.51,,
2025.01.15 15:44:23,23804484,AUDUSDp,sell,0.5, 0.62299,,,2025.01.15 15:57:30, 0.62449,- 4.82,0.00,- 120.10,,
2025.01.15 15:44:34,23804500,EURUSDp,sell,0.5, 1.03279,,,2025.01.15 15:57:26, 1.03440,- 4.82,0.00,- 128.92,,
2025.01.16 05:15:41,23842676,USDJPYp,sell,0.5, 155.785,,,2025.01.16 05:49:17, 155.733,- 3.10,0.00, 26.89,,
2025.01.17 04:09:40,23901251,USDJPYp,sell,0.5, 155.316,,,2025.01.17 04:19:55, 155.279,- 3.11,0.00, 19.16,,
2025.01.17 05:15:58,23902708,USDJPYp,sell,0.5, 155.425,,,2025.01.17 07:41:26, 155.666,- 3.11,0.00,- 124.85,,
2025.01.17 10:25:07,23911332,EURGBPp,sell,0.25, 0.84455, 0.84694,,2025.01.17 12:48:26, 0.84440,- 2.94,0.00, 7.38,,
2025.01.17 10:27:53,23911438,USDJPYp,buy,0.25, 155.564,,,2025.01.17 10:28:59, 155.585,- 1.55,0.00, 5.43,,
2025.01.17 10:29:29,23911547,GBPCHFp,buy,0.25, 1.11038, 1.10791,,2025.01.17 12:48:30, 1.11222,- 2.65,0.00, 81.33,,
2025.01.17 23:10:43,23689582,USDCADp,sell,0.25, 1.44800, 1.45050, 1.44400,2025.01.20 03:19:57, 1.44686,- 1.67,- 1.83, 31.78,,
2025.01.21 02:15:03,24056266,USDJPYp,buy,0.5, 155.035,,,2025.01.21 02:22:09, 154.933,- 3.08,0.00,- 52.35,,
2025.01.21 02:32:50,24056836,USDJPYp,buy,0.5, 155.197,,,2025.01.21 02:55:04, 155.999,- 3.08,0.00, 412.61,,
2025.01.21 11:40:37,24083955,USDJPYp,sell,0.5, 155.940,,,2025.01.21 15:37:20, 155.568,- 3.09,0.00, 191.75,,
2025.01.22 04:25:51,24136599,USDJPYp,sell,0.25, 155.723, 155.970,,2025.01.22 08:40:13, 155.969,- 1.54,0.00,- 63.02,,
2025.01.22 18:47:25,24169448,USDJPYp,sell,0.25, 156.602, 156.850,,2025.01.23 12:30:16, 156.254,- 1.53,- 24.64, 88.91,,
2025.01.23 07:23:23,24217924,HK50,buy,0.01,19 832.9,,,2025.01.23 07:30:06,19 734.8,0.00,0.00,- 0.20,,
2025.01.24 04:14:24,24256404,AUDUSDp,sell,0.25, 0.63008, 0.63300,,2025.01.24 08:19:56, 0.63299,- 2.38,0.00,- 114.93,,
2025.01.24 04:16:03,24283218,AUDUSDp,buy,0.5, 0.63061,,,2025.01.24 04:16:13, 0.63060,- 4.76,0.00,- 0.79,,
2025.01.24 04:16:27,24283282,AUDUSDp,sell,0.25, 0.63058, 0.63300,,2025.01.24 08:19:56, 0.63299,- 2.38,0.00,- 95.18,,
2025.01.24 04:20:42,24283599,EURJPYp,sell,0.25, 163.080,,,2025.01.24 06:12:01, 162.303,- 1.52,0.00, 197.81,,
2025.01.24 11:05:51,24299792,EURUSDp,sell,0.25, 1.04956,,,2025.01.24 15:30:57, 1.04667,- 2.37,0.00, 114.51,,
2025.01.24 11:21:14,24300366,GBPUSDp,sell,0.25, 1.24260,, 1.23770,2025.01.24 17:07:39, 1.24527,- 2.37,0.00,- 105.65,,
2025.01.24 11:34:41,24301160,EURJPYp,sell,0.25, 163.218,, 162.890,2025.01.24 17:56:26, 163.506,- 1.53,0.00,- 73.23,,
2025.01.24 12:15:09,24302659,EURJPYp,sell,0.25, 163.448,, 162.890,2025.01.24 17:56:22, 163.631,- 1.52,0.00,- 46.52,,
2025.01.27 11:34:09,24419305,USDJPYp,buy,0.25, 154.847,,,2025.01.27 11:42:35, 154.699,- 1.54,0.00,- 38.00,,
2025.01.28 02:12:58,24480846,USDJPYp,sell,0.15, 155.032,,,2025.01.28 04:51:02, 155.631,- 0.93,0.00,- 92.26,,
2025.01.28 02:53:27,24482220,EURGBPp,buy,0.25, 0.83870,,,2025.01.28 13:10:23, 0.83848,- 2.98,0.00,- 10.95,,
2025.01.28 09:48:01,24502090,USDJPYp,sell,0.25, 155.888,,,2025.01.28 13:10:20, 155.486,- 1.54,0.00, 103.45,,
2025.01.30 02:52:27,24649554,USDJPYp,buy,0.25, 154.818,,,2025.01.30 03:04:13, 154.647,- 1.55,0.00,- 44.33,,
2025.01.30 09:05:52,24657788,EURJPYp,buy,0.25, 160.817, 160.850,,2025.01.30 11:03:59, 160.846,- 1.56,0.00, 7.53,,
2025.02.10 11:56:10,25552802,AUDJPYp,sell,0.25, 95.583, 95.784, 95.130,2025.02.11 01:29:16, 95.173,- 1.57,- 5.21, 107.70,,
2025.02.11 11:09:33,25623864,AUDCADp,sell,0.25, 0.90061, 0.90260,,2025.02.12 11:12:41, 0.89833,- 1.67,- 2.10, 63.45,,
2025.02.11 14:30:50,25636656,AUDJPYp,sell,0.25, 95.651, 95.900,,2025.02.11 17:24:05, 95.899,- 1.57,0.00,- 64.65,,
2025.02.12 05:44:27,25697288,CHFJPYp,sell,0.12, 168.141, 168.391,,2025.02.12 09:54:46, 168.388,- 0.74,0.00,- 30.68,,
2025.02.12 06:11:07,25698291,USDJPYp,sell,0.25, 153.598, 153.848, 153.198,2025.02.12 13:00:06, 153.589,- 1.55,0.00, 2.33,,
2025.02.13 06:23:39,25768676,USDCADp,buy,0.25, 1.42644, 1.42740, 1.43044,2025.02.13 15:30:02, 1.42684,- 1.67,0.00, 11.19,,
2025.02.13 06:58:23,25769608,EURCHFp,sell,0.25, 0.95094, 0.95351, 0.94715,2025.02.13 10:22:52, 0.94715,- 2.61,0.00, 166.17,,
2025.02.13 08:15:47,25772146,EURUSDp,sell,0.25, 1.04390, 1.04790, 1.03990,2025.02.13 13:48:28, 1.04179,- 2.38,0.00, 84.36,,
2025.02.14 09:05:41,25851833,EURUSDp,sell,0.25, 1.04652, 1.04902, 1.04252,2025.02.14 09:41:48, 1.04640,- 2.37,0.00, 4.74,,
2025.02.14 15:30:17,25858362,GBPUSDp,sell,0.25, 1.26050, 1.26300,,2025.02.14 16:08:24, 1.26108,- 2.36,0.00,- 22.80,,
2025.02.17 03:38:22,25924638,EURAUDp,buy,0.25, 1.64855, 1.64405, 1.65855,2025.02.18 07:37:32, 1.64404,- 1.50,- 3.26,- 112.75,,
2025.02.18 10:22:24,26000307,EURGBPp,buy,0.25, 0.82945, 0.82700, 0.83345,2025.02.19 00:13:42, 0.82705,- 2.98,- 2.47,- 119.23,,
2025.02.19 00:25:33,26049344,GBPUSDp,sell,0.25, 1.26224, 1.26450, 1.26000,2025.02.19 08:29:39, 1.26245,- 2.36,0.00,- 8.24,,
2025.02.24 03:35:21,26234418,USDCHFp,buy,0.12, 0.89639, 0.89389, 0.89990,2025.02.25 12:47:04, 0.89615,- 1.26, 1.28,- 5.08,,
2025.02.24 04:33:35,26301523,GBPUSDp,sell,0.06, 1.26850, 1.27300, 1.26450,2025.02.24 09:38:49, 1.26450,- 0.56,0.00, 37.68,,
2025.02.25 02:02:20,26391730,USDCADp,sell,0.12, 1.42729, 1.42950,,2025.02.25 13:38:41, 1.42524,- 0.80,0.00, 27.23,,
2025.02.25 02:08:17,26391991,EURAUDp,sell,0.8, 1.64892, 1.65290,,2025.02.25 11:25:12, 1.65094,- 4.80,0.00,- 161.36,,
2025.02.25 17:30:52,26302081,USDJPYp,buy,0.12, 148.615, 148.180, 149.350,2025.02.26 04:32:10, 149.350,- 0.77, 1.04, 93.24,,
2025.02.28 15:32:40,26224006,USDJPYp,sell,0.15, 150.889, 151.272,,2025.03.03 10:05:07, 150.091,- 0.96,- 4.64, 128.26,,
2025.03.03 10:27:02,26771164,EURJPYp,buy,0.12, 155.946,, 156.362,2025.03.03 11:34:47, 156.363,- 0.77,0.00, 53.57,,
2025.03.03 12:31:16,26779727,EURJPYp,sell,0.8, 157.241, 157.500,,2025.03.03 12:47:29, 157.265,- 5.12,0.00,- 20.05,,
2025.03.03 13:52:10,26784619,USDJPYp,sell,0.12, 151.054, 151.300,,2025.03.03 14:14:24, 151.299,- 0.77,0.00,- 31.20,,
2025.03.04 11:47:47,26869376,GBPUSDp,sell,0.12, 1.27400, 1.27650, 1.27000,2025.03.04 17:22:28, 1.27024,- 1.16,0.00, 72.81,,
2025.03.04 13:51:02,26869308,EURUSDp,sell,0.8, 1.05335, 1.05580, 1.04900,2025.03.04 15:10:15, 1.05450,- 7.70,0.00,- 147.10,,
2025.03.07 15:03:03,27131407,AUDUSDp,buy,0.12, 0.62900, 0.62650, 0.63300,2025.03.07 23:10:39, 0.63120,- 1.14,0.00, 41.83,,
2025.03.10 04:22:46,27223177,USDJPYp,buy,0.08, 147.200, 146.800, 147.750,2025.03.10 09:51:52, 147.750,- 0.52,0.00, 47.12,,
2025.03.10 13:30:18,27250559,GBPUSDp,sell,0.2, 1.29235, 1.29500, 1.28835,2025.03.10 20:52:22, 1.28832,- 1.90,0.00, 128.11,,
2025.03.11 07:15:34,27308117,USDJPYp,sell,0.2, 147.188, 147.205, 146.920,2025.03.11 10:35:30, 147.055,- 1.30,0.00, 28.81,,
2025.03.11 10:42:50,27309063,EURUSDp,sell,0.2, 1.08881, 1.09130, 1.08480,2025.03.11 11:48:58, 1.09143,- 1.91,0.00,- 83.29,,
2025.03.11 12:55:58,27334205,GBPUSDp,sell,0.2, 1.29392, 1.29642, 1.28992,2025.03.11 21:42:25, 1.29650,- 1.91,0.00,- 81.81,,
2025.03.11 17:01:51,27346145,USDCADp,sell,0.25, 1.44676, 1.44910, 1.44260,2025.03.11 17:02:22, 1.44904,- 1.65,0.00,- 62.63,,
2025.03.11 21:00:11,27259180,EURUSDp,sell,0.2, 1.09371, 1.09610, 1.08960,2025.03.11 23:00:49, 1.09195,- 1.91,0.00, 55.89,,
2025.03.12 11:00:06,27346822,USDJPYp,sell,0.16, 148.620, 149.020, 147.600,2025.03.12 15:54:36, 149.041,- 1.03,0.00,- 71.93,,
2025.03.17 05:48:06,27628262,AUDUSDp,sell,0.2, 0.63320, 0.63600, 0.62920,2025.03.17 17:15:29, 0.63602,- 1.90,0.00,- 88.68,,
2025.03.18 06:50:49,27697770,USDJPYp,sell,0.2, 149.670, 159.880, 148.637,2025.03.19 02:04:01, 149.381,- 1.26,- 11.81, 60.82,,
2025.03.18 20:24:20,27346419,USDCHFp,buy,0.2, 0.87600, 0.87350, 0.88000,2025.03.19 10:58:42, 0.87717,- 2.15, 2.08, 42.13,,
2025.03.19 09:01:01,27777179,USDJPYp,sell,0.2, 149.801, 150.100, 149.400,2025.03.19 10:30:09, 149.400,- 1.26,0.00, 84.62,,
2025.03.19 10:46:04,27788222,AUDUSDp,buy,0.2, 0.63337, 0.63087, 0.63737,2025.03.19 10:59:06, 0.63302,- 1.89,0.00,- 11.06,,
2025.03.24 16:53:16,28010758,USDJPYp,sell,0.2, 150.154, 150.600, 149.200,2025.03.24 18:19:47, 150.599,- 1.27,0.00,- 94.01,,
2025.03.25 05:27:28,28076326,GBPJPYp,sell,0.2, 194.600, 195.000, 193.600,2025.03.25 10:12:04, 194.596,- 1.27,0.00, 0.84,,
2025.04.22 10:00:21,29945640,USDJPYp,buy,0.2, 140.422,,,2025.04.22 10:26:44, 140.320,- 1.33,0.00,- 22.64,,
2025.04.23 12:28:04,30058115,EURCHFp,sell,0.2, 0.93783, 0.94100, 0.93282,2025.04.23 18:11:29, 0.93947,- 2.28,0.00,- 61.96,,
2025.04.23 16:58:47,30083716,EURGBPp,buy,0.2, 0.85399, 0.85150, 0.85800,2025.04.25 16:16:20, 0.85152,- 2.49,- 8.30,- 103.12,,
2025.04.28 12:16:35,30335635,EURGBPp,buy,0.2, 0.85037, 0.84787, 0.85437,2025.04.28 16:21:35, 0.85007,- 2.51,0.00,- 12.51,,
2025.04.29 05:11:08,29932633,AUDUSDp,sell,0.2, 0.64401, 0.64650, 0.64000,2025.04.29 09:14:15, 0.64203,- 1.86,0.00, 61.68,,
2025.05.01 07:08:47,30583731,USDJPYp,sell,0.2, 143.816, 144.216,,2025.05.01 08:29:25, 144.225,- 1.30,0.00,- 88.76,,
2025.05.01 08:23:39,30087867,USDJPYp,sell,0.2, 144.125, 144.525, 143.525,2025.05.01 09:48:58, 144.530,- 1.30,0.00,- 87.60,,
2025.05.01 17:32:37,30084299,EURUSDp,buy,0.2, 1.12836, 1.12436, 1.14200,2025.05.02 13:00:06, 1.13493,- 1.88,- 7.20, 203.97,,
2025.05.01 18:54:34,30139383,EURUSDp,buy,0.2, 1.12660, 1.12450, 1.13260,2025.05.02 06:36:16, 1.13103,- 1.88,- 7.20, 138.15,,
2025.05.02 12:41:04,30669782,AUDUSDp,sell,0.2, 0.64370, 0.64620, 0.64000,2025.05.02 15:32:18, 0.64379,- 1.86,0.00,- 2.80,,
2025.05.06 05:09:52,30868531,USDCHFp,buy,0.01, 0.82371,,,2025.05.06 05:11:03, 0.82369,- 0.11,0.00,- 0.04,,
2025.05.06 05:10:41,30868597,USDCHFp,buy,0.01, 0.82378,,,2025.05.06 05:11:08, 0.82371,- 0.11,0.00,- 0.13,,
2025.05.07 03:31:18,30964598,USDJPYp,sell,0.2, 143.204, 143.550, 142.400,2025.05.07 05:09:40, 143.166,- 1.29,0.00, 8.19,,
2025.05.07 07:48:07,30980715,USDJPYp,sell,0.2, 143.248, 143.550,,2025.05.07 09:20:25, 143.036,- 1.29,0.00, 45.71,,
2025.05.08 08:12:34,31064232,USDJPYp,sell,0.2, 144.001, 144.380,,2025.05.08 09:33:08, 144.386,- 1.29,0.00,- 83.08,,
2025.05.08 09:20:25,30992221,EURUSDp,buy,0.2, 1.12881, 1.12350,,2025.05.08 18:50:52, 1.12351,- 1.87,0.00,- 165.25,,
2025.05.08 18:41:55,30840911,EURUSDp,buy,0.2, 1.12648, 1.12400, 1.13600,2025.05.08 18:50:22, 1.12387,- 1.87,0.00,- 81.37,,
2025.05.20 07:26:25,31878779,USDJPYp,buy,0.2, 144.832, 144.502, 145.500,2025.05.20 08:30:31, 144.506,- 1.29,0.00,- 70.09,,
2025.05.21 05:45:00,31978004,EURUSDp,sell,0.2, 1.13215, 1.13465,,2025.05.21 09:16:46, 1.13469,- 1.86,0.00,- 78.75,,
2025.05.21 12:14:29,31999274,USDJPYp,sell,0.2, 144.125, 144.525,,2025.05.21 13:38:45, 143.568,- 1.29,0.00, 120.32,,
2025.05.22 12:59:37,32086057,USDJPYp,sell,0.2, 143.494, 143.980,,2025.05.22 18:07:20, 143.978,- 1.30,0.00,- 104.91,,
2025.05.22 13:40:48,32090336,EURUSDp,buy,0.2, 1.12928, 1.12678, 1.13328,2025.05.23 10:21:34, 1.13329,- 1.87,- 3.54, 124.38,,
2025.05.22 20:19:14,32118348,USDJPYp,sell,0.2, 144.201, 144.700, 142.800,2025.05.23 07:40:32, 143.416,- 1.30,- 6.03, 170.07,,
2025.05.27 08:05:33,32217884,USDJPYp,sell,0.2, 143.004, 143.300,,2025.05.27 08:26:47, 143.289,- 1.30,0.00,- 61.55,,
2025.05.27 08:43:08,32356012,USDJPYp,sell,0.4, 143.321, 144.500,,2025.05.28 04:09:43, 144.506,- 2.59,- 11.97,- 509.02,,
2025.05.27 10:52:08,32304182,EURUSDp,buy,0.4, 1.13398, 1.13150, 1.13798,2025.05.28 05:02:18, 1.13154,- 3.72,- 7.04,- 151.77,,
2025.05.27 15:33:18,32383147,USDJPYp,sell,0.4, 144.101, 144.500,,2025.05.28 04:09:43, 144.497,- 2.58,- 11.97,- 170.10,,
2025.05.30 04:24:03,32659219,EURGBPp,sell,0.4, 0.84285, 0.84535,,2025.05.30 04:43:10, 0.84282,- 5.03,0.00, 2.52,,
2025.06.02 10:26:09,32802017,USDCHFp,buy,0.4, 0.81895, 0.81650,,2025.06.02 12:12:54, 0.81654,- 4.52,0.00,- 182.13,,
2025.06.02 17:36:51,32802607,NZDUSDp,sell,0.4, 0.60285, 0.60530,,2025.06.03 03:43:59, 0.60529,- 3.70,- 0.16,- 150.30,,
2025.06.03 04:16:21,32886915,USDJPYp,buy,0.4, 142.939, 143.000, 143.200,2025.06.03 04:35:33, 143.203,- 2.59,0.00, 113.70,,
2025.06.03 07:18:53,32897631,USDJPYp,buy,0.4, 143.074,,,2025.06.03 07:34:17, 143.015,- 2.59,0.00,- 25.51,,
2025.06.04 08:00:37,32988699,USDJPYp,sell,0.4, 144.275, 144.675, 143.675,2025.06.04 10:12:35, 143.863,- 2.58,0.00, 177.27,,
2025.06.04 13:02:58,33008275,USDJPYp,sell,0.4, 144.253, 144.500, 143.500,2025.06.04 15:48:51, 143.567,- 2.57,0.00, 294.46,,
2025.06.06 15:31:22,33218619,USDJPYp,sell,0.4, 144.517,,,2025.06.06 15:33:05, 144.291,- 2.56,0.00, 96.41,,
2025.06.06 15:34:49,33220071,USDJPYp,sell,0.4, 144.285,,,2025.06.06 15:38:26, 144.540,- 2.56,0.00,- 108.67,,
2025.06.06 15:47:11,33222777,USDJPYp,sell,0.4, 144.500,,,2025.06.06 16:22:10, 144.839,- 2.56,0.00,- 144.35,,
2025.06.06 16:19:29,33227265,USDJPYp,sell,0.4, 144.722,,,2025.06.06 16:22:07, 144.836,- 2.55,0.00,- 48.54,,
2025.06.09 05:05:55,33283611,EURJPYp,sell,0.4, 164.987, 165.387, 164.100,2025.06.09 16:01:01, 164.886,- 2.55,0.00, 42.89,,
2025.06.11 15:36:02,33490033,USDJPYp,sell,0.4, 144.392,,,2025.06.11 15:38:46, 144.503,- 2.54,0.00,- 46.95,,
2025.06.12 04:06:04,33539454,USDJPYp,buy,0.4, 143.998, 143.898,,2025.06.12 04:12:00, 143.900,- 2.56,0.00,- 41.85,,
2025.06.13 05:53:36,33655441,USDJPYp,sell,0.16, 143.105, 143.355,,2025.06.13 06:15:46, 143.352,- 1.03,0.00,- 42.57,,
2025.06.13 10:42:01,33679763,EURCHFp,sell,0.4, 0.93689, 0.93939,,2025.06.16 05:22:03, 0.93686,- 4.56,- 8.14, 2.28,,
2025.06.13 10:44:51,33680427,USDJPYp,sell,0.4, 143.763, 144.363,,2025.06.13 13:48:19, 144.369,- 2.57,0.00,- 259.77,,
2025.06.17 06:42:43,33867562,USDJPYp,sell,0.1, 144.782, 145.182,,2025.06.17 17:37:18, 145.178,- 0.63,0.00,- 41.90,,
2025.06.18 02:33:03,33952593,GBPUSDp,buy,0.1, 1.34269, 1.34000,,2025.06.18 09:17:52, 1.34582,- 0.93,0.00, 48.11,,
2025.06.19 08:59:59,34064219,USDJPYp,sell,0.1, 145.114, 145.800, 144.214,2025.06.20 16:41:33, 145.799,- 0.64,- 2.91,- 72.49,,
2025.06.19 09:30:36,33951960,USDJPYp,sell,0.1, 145.304, 145.900, 144.204,2025.06.20 17:20:04, 145.904,- 0.64,- 2.91,- 63.56,,
2025.06.19 10:57:50,34075498,USDCADp,sell,0.1, 1.37256, 1.37658, 1.36400,2025.06.23 00:06:52, 1.37660,- 0.68,- 1.48,- 45.71,,
2025.06.23 05:51:23,34252098,USDJPYp,sell,0.1, 146.532, 147.232,,2025.06.23 08:37:10, 147.227,- 0.64,0.00,- 73.73,,
2025.06.25 03:13:40,34429647,GBPCHFp,buy,0.05, 1.09586, 1.09336, 1.10300,2025.06.26 01:42:44, 1.09951,- 0.57, 1.75, 34.83,,
2025.06.25 03:17:02,34429844,USDCNHp,buy,0.05, 7.16501, 7.16251,,2025.06.25 04:04:08, 7.16254,- 0.06,0.00,- 2.58,,
2025.06.25 04:23:14,34432759,GBPUSDp,sell,0.1, 1.36249,,,2025.06.25 05:42:19, 1.36231,- 0.92,0.00, 2.77,,
2025.06.25 06:17:56,34436831,AUDNZDp,buy,0.1, 1.07779, 1.07529, 1.08400,2025.07.02 09:54:26, 1.07948,- 0.56,- 4.13, 15.66,,
2025.06.25 08:41:50,34441101,USDCHFp,buy,0.1, 0.80491, 0.80241, 0.81200,2025.06.26 06:06:50, 0.80242,- 1.15, 3.48,- 47.47,,
2025.06.26 03:49:06,34507211,USDJPYp,sell,0.1, 144.746, 144.896,,2025.06.26 07:06:41, 144.899,- 0.64,0.00,- 16.18,,
2025.09.09 07:04:18,39659166,USDJPYp,sell,0.01, 147.357,,,2025.09.09 07:05:05, 147.353,- 0.06,0.00, 0.04,,
2025.09.29 06:38:26,41396604,USDJPYp,sell,0.1, 148.937,,,2025.09.29 06:48:07, 148.902,- 0.61,0.00, 3.58,,
2025.09.29 06:42:11,41396879,EURJPYp,sell,0.1, 174.643,,,2025.09.29 06:48:24, 174.630,- 0.61,0.00, 1.33,,
2025.10.01 03:27:46,41691179,AUDUSDp,buy,0.1, 0.66052, 0.65902,,2025.10.01 06:33:59, 0.65897,- 0.91,0.00,- 23.52,,
2025.10.01 03:40:07,41691972,CHFJPYp,buy,0.05, 185.983, 185.240,,2025.10.01 10:28:18, 185.244,- 0.31,0.00,- 38.00,,
2025.10.03 07:58:33,41985634,GBPJPYp,sell,0.05, 198.475, 198.575,,2025.10.03 09:03:46, 198.466,- 0.31,0.00, 0.46,,
2025.10.06 01:31:07,42144986,USDJPYp,sell,0.05, 149.241, 149.891,,2025.10.06 05:36:01, 149.890,- 0.31,0.00,- 32.77,,
2025.10.06 02:38:00,42151886,EURJPYp,sell,0.05, 174.987, 175.500,,2025.10.06 03:40:15, 175.497,- 0.30,0.00,- 25.80,,
2025.10.06 11:32:15,42202554,USDCHFp,sell,0.05, 0.79880, 0.80250,,2025.10.06 23:46:40, 0.79489,- 0.57,0.00, 37.16,,
2025.10.07 03:08:40,42295004,USDJPYp,sell,0.1, 150.447, 150.597,,2025.10.07 03:16:35, 150.590,- 0.60,0.00,- 14.35,,
2025.10.07 12:53:39,42350329,USDJPYp,sell,0.05, 150.742, 151.500,,2025.10.07 20:35:00, 151.512,- 0.30,0.00,- 38.57,,
2025.10.07 17:51:10,42353086,USDJPYp,sell,0.05, 151.200, 151.800,,2025.10.07 21:33:26, 151.809,- 0.30,0.00,- 30.46,,
2025.10.08 03:05:45,42338663,AUDUSDp,buy,0.05, 0.65785, 0.65630,,2025.10.08 04:39:04, 0.65630,- 0.46,0.00,- 11.81,,
2025.10.08 03:06:04,42338552,AUDUSDp,buy,0.05, 0.65780, 0.65630,,2025.10.08 04:39:04, 0.65630,- 0.46,0.00,- 11.43,,
2025.10.08 04:00:01,42210029,EURUSDp,buy,0.05, 1.16438, 1.16200,,2025.10.08 05:17:25, 1.16194,- 0.46,0.00,- 18.60,,
2025.10.10 00:18:55,42796551,USDCADp,sell,0.05, 1.40142, 1.40403, 1.39642,2025.10.13 23:59:30, 1.40420,- 0.33,- 0.55,- 15.20,,
2025.10.10 17:36:43,42796413,AUDUSDp,buy,0.05, 0.65399, 0.65150,,2025.10.10 18:17:42, 0.65150,- 0.46,0.00,- 19.11,,
2025.10.13 10:35:36,43101730,USDJPYp,sell,0.05, 152.370, 152.460, 152.160,2025.10.13 10:53:48, 152.269,- 0.30,0.00, 5.08,,
2025.10.14 12:08:15,43333522,AUDUSDp,buy,0.05, 0.64553, 0.64301, 0.64950,2025.10.15 02:12:18, 0.64916,- 0.46,- 0.21, 27.96,,
2025.10.15 03:41:06,43460465,GBPUSDp,sell,0.05, 1.33260, 1.33550, 1.32650,2025.10.15 08:33:39, 1.33551,- 0.46,0.00,- 22.33,,
2025.10.15 06:03:08,43475920,EURUSDp,sell,0.05, 1.16233, 1.16479, 1.15740,2025.10.15 23:09:41, 1.16480,- 0.46,0.00,- 18.97,,
2025.10.15 08:34:23,43478612,AUDUSDp,sell,0.05, 0.65155, 0.65440, 0.64751,2025.10.16 06:15:37, 0.64859,- 0.46,- 0.10, 22.82,,
2025.10.15 12:10:18,43528243,NZDUSDp,sell,0.05, 0.57251, 0.57550, 0.56751,2025.10.16 04:51:57, 0.57551,- 0.46, 0.29,- 23.08,,
2025.10.15 20:40:11,43647731,ETHUSD,buy,0.1,3 965.15,3 850.00,4 050.00,2025.10.16 09:46:39,4 023.03,0.00,- 0.26, 8.90,,
2025.10.16 01:24:06,43673608,GBPCADp,sell,0.05, 1.88188, 1.88480, 1.87345,2025.10.16 03:34:12, 1.88479,- 0.33,0.00,- 15.98,,
2025.10.16 03:30:05,43648738,EURAUDp,sell,0.1, 1.79420, 1.79660,,2025.10.16 03:30:13, 1.79665,- 0.60,0.00,- 24.50,,
2025.10.20 02:09:53,44197890,USDJPYp,sell,0.05, 150.917, 151.200,,2025.10.20 04:21:48, 151.197,- 0.31,0.00,- 14.22,,
2025.10.20 08:09:02,44247625,ETHUSD,sell,0.3,4 047.68,4 100.00,3 930.00,2025.10.21 05:26:38,3 929.28,0.00,- 0.34, 54.53,,
2025.10.20 14:48:53,44325659,EURUSDp,buy,0.05, 1.16485, 1.16280, 1.16750,2025.10.21 08:39:27, 1.16280,- 0.46,- 0.76,- 15.78,,
2025.10.20 18:48:29,44218162,AUDUSDp,sell,0.05, 0.65201, 0.65400, 0.64840,2025.10.21 10:14:12, 0.64894,- 0.46,- 0.03, 23.65,,
2025.10.21 03:48:19,44450517,AUDCADp,sell,0.05, 0.91516, 0.91707, 0.90750,2025.10.21 13:23:55, 0.91142,- 0.33,0.00, 20.52,,
2025.10.21 09:18:28,44326009,USDJPYp,sell,0.05, 151.600, 151.900, 150.700,2025.10.21 13:16:43, 151.898,- 0.31,0.00,- 15.13,,
2025.10.22 08:37:03,44770481,AUDCHFp,sell,0.05, 0.51744, 0.51947, 0.51375,2025.10.23 03:25:23, 0.51666,- 0.58,- 1.92, 7.55,,
2025.10.23 03:28:23,45010414,AUDCADp,buy,0.05, 0.90755, 0.90549, 0.91110,2025.10.23 12:08:10, 0.91110,- 0.33,0.00, 19.48,,
2025.10.29 01:42:32,45889434,EURCADp,buy,0.1, 1.62486, 1.62277,,2025.10.29 01:48:14, 1.62468,- 0.65,0.00,- 1.96,,
2025.10.29 03:42:33,45900232,AUDUSDp,sell,0.1, 0.66007, 0.66239,,2025.10.29 12:52:46, 0.66007,- 0.91,0.00,0.00,,
2025.11.03 07:48:02,46454291,EURAUDp,buy,0.25, 1.75881, 1.75450, 1.76650,2025.11.04 07:42:45, 1.76650,- 1.50,- 3.15, 192.25,,
2025.11.04 02:04:16,46425101,USDJPYp,sell,0.1, 154.308, 154.900, 153.333,2025.11.04 07:54:31, 153.720,- 0.60,0.00, 58.71,,
2025.11.06 23:54:43,47061236,GBPUSDp,sell,0.35, 1.31381, 1.31578, 1.30500,2025.11.07 12:00:09, 1.30977,- 3.24,- 1.74, 218.13,,
2025.11.10 03:36:11,47272917,AUDUSDp,sell,0.65, 0.65191, 0.65441, 0.64860,2025.11.12 10:50:34, 0.65440,- 5.98,- 1.68,- 247.33,,
2025.11.11 03:00:59,47318472,USDJPYp,sell,0.35, 154.350, 154.950, 153.300,2025.11.12 15:30:01, 154.948,- 2.08,- 6.76,- 206.64,,
2025.11.12 01:47:46,47585152,EURUSDp,sell,0.65, 1.15851, 1.16101, 1.15410,2025.11.12 08:57:43, 1.15822,- 5.97,0.00, 28.85,,
2025.11.12 06:22:40,47318834,EURJPYp,sell,0.35, 178.812, 179.410, 176.950,2025.11.12 17:55:31, 179.407,- 2.08,0.00,- 205.83,,
2025.11.19 03:01:35,48454651,ETHUSD,sell,1,3 093.92,3 185.00,2 720.00,2025.11.19 09:59:08,3 084.83,0.00,0.00, 14.00,,
2025.11.20 12:09:05,48690604,AUDCHFp,sell,0.5, 0.52228, 0.52429, 0.51712,2025.11.20 23:39:02, 0.51929,- 4.63,0.00, 287.89,,
2025.11.21 14:39:57,48866282,ETHUSD,sell,2,2 714.93,2 770.00,,2025.11.21 16:35:58,2 770.04,0.00,0.00,- 171.31,,
2025.11.24 01:11:56,48969446,EURAUDp,buy,0.5, 1.78095, 1.77600, 1.79300,2025.11.25 13:28:33, 1.78882,- 4.64,- 6.25, 393.50,,
2025.11.26 05:37:56,49264623,EURAUDp,buy,0.9, 1.78203, 1.77900,,2025.11.26 16:01:29, 1.77903,- 8.30,0.00,- 270.00,,
2025.11.26 11:51:03,49293632,NZDJPYp,sell,0.4, 88.799, 88.920, 87.400,2025.11.26 15:30:02, 88.910,- 3.69,0.00,- 43.65,,
2025.12.02 13:18:09,49832460,USDJPYp,sell,0.3, 155.990, 156.692, 155.008,2025.12.03 05:05:09, 155.702,- 2.75,- 5.65, 84.38,,
2025.12.03 05:08:26,49937112,AUDJPYp,sell,1, 102.414, 102.614, 101.700,2025.12.04 03:34:41, 102.616,- 9.12,- 34.85,- 196.85,,
2025.12.03 08:48:07,49951665,ETHUSD,sell,1,3 061.49,,,2025.12.03 23:57:23,3 165.38,0.00,0.00,- 157.38,,
2026.01.05 23:57:10,53389552,BTCUSD,sell,0.03,94 132.54,95 000.00,91 350.00,2026.01.06 20:00:06,91 342.57,0.00,- 0.82, 124.26,,
2026.01.07 01:52:26,53588432,BTCUSD,sell,0.03,93 600.31,95 000.00,91 350.00,2026.01.07 03:37:50,92 439.63,0.00,0.00, 51.63,,
2026.01.09 00:07:36,53967187,BTCUSD,sell,0.06,91 110.57,91 500.00,,2026.01.09 03:29:27,91 518.58,0.00,0.00,- 36.58,,
2026.01.09 02:35:43,53973140,USDJPYp,sell,0.25, 156.980, 157.330,,2026.01.09 07:30:50, 157.331,- 2.24,0.00,- 83.27,,
2026.01.13 23:07:58,54530153,BTCUSD,sell,0.06,94 458.27,95 414.00,,2026.01.14 00:10:28,95 482.78,0.00,- 1.64,- 92.00,,
2026.01.15 14:09:40,54855007,AUDCHFp,sell,0.18, 0.53642, 0.53808, 0.53333,2026.01.15 17:03:26, 0.53776,- 1.61,0.00,- 44.85,,
2026.01.16 04:42:26,54979541,USDJPYp,buy,0.15, 158.084, 156.750,,2026.01.16 07:41:46, 158.254,- 1.34,0.00, 24.04,,
2026.01.16 15:03:52,55047646,AUDCHFp,sell,0.15, 0.53698, 0.53890,,2026.01.20 11:20:30, 0.53205,- 1.34,- 3.84, 138.99,,
2026.01.16 15:15:39,55050428,USDJPYp,sell,0.1, 158.076, 158.600,,2026.01.20 09:07:52, 158.600,- 0.90,- 3.35,- 49.09,,
2026.01.19 13:20:18,55295200,BTCUSD,sell,0.03,92 958.85,95 095.00,,2026.01.20 10:14:16,90 882.55,0.00,- 0.81, 92.33,,
2026.01.20 13:59:34,55468212,DX.f,sell,0.01, 98.200,,,2026.01.20 14:01:56, 98.289,- 0.03,0.00,- 1.32,,
2026.01.21 03:09:28,55600043,XAUUSDp,buy,1,4 796.93,4 804.00,,2026.01.21 03:33:06,4 824.63,- 8.91,0.00,4 109.85,,
2026.01.21 03:49:27,55611296,XAUUSDp,buy,1,4 825.84,,,2026.01.21 03:56:18,4 835.01,- 8.90,0.00,1 360.17,,
2026.01.21 04:00:44,55614341,XAUUSDp,buy,2,4 840.08,,,2026.01.21 04:07:56,4 836.13,- 17.80,0.00,-1 172.00,,
2026.01.21 07:50:09,55654388,XAUUSDp,buy,1,4 874.25,,,2026.01.21 07:56:41,4 869.39,- 8.91,0.00,- 721.70,,
2026.01.21 08:56:57,55668056,XAUUSDp,buy,1,4 851.97,,,2026.01.21 08:57:13,4 850.49,- 8.88,0.00,- 219.20,,
2026.01.22 02:30:46,55844133,AUDUSDp,buy,1, 0.67802,,,2026.01.22 03:28:44, 0.67922,- 8.85,0.00, 176.67,,
2026.01.23 09:00:54,56054279,EURGBPp,sell,1, 0.87013, 0.87070,,2026.01.23 11:33:27, 0.86879,- 8.76,0.00, 264.47,,
2026.01.23 14:58:34,56109381,USDCHFp,sell,0.3, 0.79034, 0.79299,,2026.01.23 23:35:48, 0.78077,- 2.62,0.00, 533.29,,
2026.01.23 15:04:06,56111172,XAUUSDp,buy,0.01,4 942.55,4 886.00,,2026.01.26 08:51:48,5 106.04,- 0.09,- 1.25, 236.23,,
2026.01.26 04:12:18,56468269,USDJPYp,sell,0.15, 154.104, 154.550, 153.050,2026.01.26 08:50:58, 154.080,- 1.30,0.00, 3.38,,
2026.01.27 05:44:41,56925837,USDJPYp,sell,0.4, 154.419, 154.665,,2026.01.27 09:34:16, 154.667,- 3.47,0.00,- 92.68,,
2026.01.28 02:30:54,57118345,AUDNZDp,buy,0.4, 1.16296, 1.15950,,2026.01.28 17:14:42, 1.15950,- 3.42,0.00,- 119.36,,
2026.01.29 01:28:53,57349732,XAUUSDp,buy,0.4,5 488.87,,,2026.01.29 01:33:23,5 494.84,- 3.41,0.00, 338.98,,
2026.01.29 01:36:36,57351748,XAUUSDp,buy,0.4,5 518.44,,,2026.01.29 01:39:10,5 595.32,- 3.41,0.00,4 362.30,,
2026.01.29 01:39:28,57354532,XAUUSDp,buy,0.4,5 554.16,,,2026.01.29 01:40:29,5 581.51,- 3.40,0.00,1 552.28,,
2026.01.29 01:40:53,57355845,XAUUSDp,buy,1,5 572.90,,,2026.01.29 01:43:01,5 550.80,- 8.51,0.00,-3 136.75,,
2026.01.29 01:43:12,57356985,XAUUSDp,buy,0.4,5 565.48,,,2026.01.29 01:43:56,5 550.99,- 3.41,0.00,- 822.65,,
2026.01.29 02:11:51,57365464,XAUUSDp,buy,0.4,5 502.26,,,2026.01.29 02:12:19,5 509.70,- 3.41,0.00, 422.45,,
2026.01.29 02:17:16,57366529,XAUUSDp,buy,0.4,5 485.58,,,2026.01.29 02:20:49,5 478.41,- 3.41,0.00,- 407.26,,
2026.01.29 02:37:26,57369933,XAUUSDp,buy,0.4,5 523.06,,,2026.01.29 02:37:54,5 517.49,- 3.41,0.00,- 316.39,,
2026.01.29 02:49:48,57371939,XAUUSDp,buy,0.4,5 503.64,,,2026.01.29 02:52:10,5 517.13,- 3.41,0.00, 766.70,,
2026.01.29 04:01:56,57384712,XAUUSDp,buy,0.4,5 529.58,,,2026.01.29 04:02:05,5 520.19,- 3.42,0.00,- 534.66,,
2026.01.29 23:26:39,57631540,XAUUSDp,buy,0.4,5 414.07,,,2026.01.29 23:29:19,5 417.35,- 3.41,0.00, 186.10,,
2026.01.30 03:14:24,57664386,XAUUSDp,sell,0.4,5 322.40,,,2026.01.30 03:14:34,5 311.09,- 3.42,0.00, 644.79,,
2026.01.30 04:14:01,57679422,XAUUSDp,sell,0.4,5 205.57,,,2026.01.30 04:14:13,5 202.83,- 3.43,0.00, 156.56,,
2026.01.30 04:15:26,57680248,XAUUSDp,sell,0.4,5 183.68,,,2026.01.30 04:16:24,5 210.21,- 3.43,0.00,-1 515.96,,
2026.01.30 04:19:07,57681946,XAUUSDp,sell,0.4,5 160.99,,,2026.01.30 04:19:20,5 160.12,- 3.43,0.00, 49.77,,
2026.01.30 10:38:01,57744347,XAUUSDp,sell,0.4,5 084.09,,,2026.01.30 10:38:05,5 081.17,- 3.43,0.00, 167.08,,
2026.01.30 11:12:38,57753186,XAUUSDp,sell,0.4,5 051.10,,,2026.01.30 11:13:04,5 041.99,- 3.43,0.00, 520.65,,
2026.02.02 01:11:56,58026518,XAUUSDp,sell,0.4,4 712.57,,,2026.02.02 01:12:30,4 748.30,- 3.46,0.00,-2 062.72,,
2026.02.02 01:13:33,58027166,XAUUSDp,sell,0.01,4 766.39,,,2026.02.02 01:13:47,4 774.40,- 0.09,0.00,- 11.55,,
2026.02.02 02:08:43,58042357,XAUUSDp,buy,0.2,4 805.45,,,2026.02.02 02:08:55,4 808.41,- 1.72,0.00, 84.96,,
2026.02.02 02:11:52,58043502,XAUUSDp,buy,0.2,4 834.58,,,2026.02.02 02:12:03,4 830.10,- 1.72,0.00,- 128.60,,
2026.02.02 02:21:58,58046739,XAUUSDp,buy,0.2,4 882.19,,,2026.02.02 02:22:07,4 878.23,- 1.72,0.00,- 113.71,,
2026.02.02 03:11:06,58062208,XAUUSDp,sell,0.2,4 600.77,,,2026.02.02 03:11:36,4 620.19,- 1.73,0.00,- 559.11,,
2026.02.02 03:16:11,58064110,XAUUSDp,sell,0.1,4 657.92,,,2026.02.02 03:16:22,4 663.87,- 0.86,0.00,- 85.63,,
2026.02.02 09:12:35,58153422,XAUUSDp,sell,0.2,4 542.55,4 650.00,,2026.02.02 09:12:52,4 535.93,- 1.73,0.00, 191.01,,
2026.02.02 09:13:39,58153665,XAUUSDp,sell,0.02,4 532.55,,,2026.02.02 09:50:59,4 603.22,- 0.17,0.00,- 203.77,,
2026.02.03 05:31:00,58427956,EURAUDp,sell,0.4, 1.68908,,,2026.02.03 05:51:00, 1.68304,- 3.43,0.00, 241.60,,
2026.03.02 08:24:03,63041379,USDJPYp,buy,0.01, 156.962,,,2026.03.02 08:24:11, 156.961,- 0.08,0.00,- 0.01,,
2026.03.02 08:28:50,63041878,EURUSDp,sell,0.1, 1.17378, 1.17362, 1.17250,2026.03.02 08:47:43, 1.17355,- 0.85,0.00, 3.26,,
2026.03.03 08:19:42,63317718,EURAUDp,buy,0.1, 1.64770,,,2026.03.03 08:56:17, 1.64563,- 0.85,0.00,- 20.70,,
2026.03.03 08:20:21,63317905,AUDJPYp,sell,0.1, 111.426,,,2026.03.03 08:57:19, 111.523,- 0.85,0.00,- 8.70,,
2026.03.03 09:35:35,63330309,EURUSDp,sell,0.1, 1.16517,,,2026.03.03 10:54:47, 1.16250,- 0.85,0.00, 37.85,,
2026.03.03 09:44:04,63331803,EURUSDp,sell,0.3, 1.16496,,,2026.03.03 11:03:33, 1.16267,- 2.54,0.00, 97.33,,
2026.03.03 10:48:16,63345368,EURUSDp,sell,0.5, 1.16213,,,2026.03.03 11:03:37, 1.16267,- 4.25,0.00,- 38.25,,
2026.03.03 12:36:28,63371688,AUDUSDp,sell,1, 0.70239,,,2026.03.03 12:49:55, 0.70342,- 8.54,0.00,- 146.43,,
2026.03.04 03:15:47,63559641,EURUSDp,sell,1, 1.15901,,,2026.03.04 08:25:53, 1.16031,- 8.57,0.00,- 185.50,,
2026.03.04 03:26:16,63561105,AUDJPYp,sell,1, 110.264,,,2026.03.04 08:25:57, 110.436,- 8.58,0.00,- 155.75,,
2026.03.06 08:12:16,64041417,USDJPYp,sell,0.3, 157.815, 158.150,,2026.03.06 10:59:41, 157.651,- 2.56,0.00, 44.34,,
2026.03.06 09:48:05,64050736,USDJPYp,sell,0.7, 157.588,,,2026.03.06 10:59:45, 157.664,- 5.96,0.00,- 47.94,,
2026.03.09 05:09:32,64306298,AUDUSDp,sell,0.7, 0.69718,,,2026.03.09 05:11:21, 0.69789,- 6.02,0.00,- 71.21,,
2026.03.09 06:00:36,64313934,AUDUSDp,buy,0.7, 0.69998,,,2026.03.09 06:03:44, 0.69949,- 6.00,0.00,- 49.04,,
2026.03.13 23:46:28,65287513,USDJPYp,sell,0.25, 159.730, 160.130,,2026.03.16 10:15:24, 159.238,- 2.15,- 4.00, 110.07,,
2026.03.13 23:49:22,65287556,AUDCHFp,sell,0.13, 0.55244, 0.55651,,2026.03.16 10:11:53, 0.55534,- 1.12,- 1.92,- 67.89,,
2026.03.17 06:44:39,65580956,AUDUSDp,sell,1, 0.70493,,,2026.03.17 06:50:33, 0.70593,- 8.51,0.00,- 141.66,,
2026.03.18 04:03:37,65763009,AUDCHFp,buy,1, 0.55866,,,2026.03.18 04:15:01, 0.55848,- 8.43,0.00,- 32.23,,
2026.03.23 09:06:36,66552595,AUDCHFp,sell,1, 0.54960, 0.54951, 0.54601,2026.03.23 10:48:05, 0.54951,- 8.62,0.00, 16.38,,
2026.03.24 03:03:54,66874441,AUDUSDp,sell,1, 0.69965, 0.70065, 0.69340,2026.03.24 09:03:17, 0.69698,- 8.58,0.00, 383.08,,
2026.03.24 03:15:23,66876216,EURJPYp,sell,0.25, 183.925, 184.405, 183.150,2026.03.24 09:05:24, 183.793,- 2.15,0.00, 29.84,,
2026.03.25 03:38:41,67131362,GBPJPYp,sell,1, 213.137,,,2026.03.25 07:42:08, 212.911,- 8.57,0.00, 203.86,,
2026.03.25 23:19:01,67322595,NZDJPYp,sell,0.25, 92.568, 92.958, 92.050,2026.03.26 11:45:47, 92.262,- 2.16,- 5.26, 69.14,,
2026.03.25 23:19:49,67322628,USDJPYp,sell,0.25, 159.487, 159.670,,2026.03.26 14:59:16, 159.671,- 2.16,- 12.29,- 41.69,,
2026.03.27 02:19:56,67600385,AUDUSDp,sell,0.1, 0.68935, 0.69726, 0.67680,2026.03.30 10:48:50, 0.68498,- 0.87,- 0.40, 63.80,,
2026.03.27 02:20:58,67600554,USDJPYp,sell,0.1, 159.654, 160.750, 157.600,2026.03.30 11:06:15, 159.785,- 0.87,- 1.63,- 11.96,,
2026.03.27 02:41:14,67603177,USDCHFp,sell,0.1, 0.79446,,,2026.03.27 03:43:04, 0.79527,- 0.87,0.00,- 14.81,,
2026.03.27 08:13:01,67635311,NZDCHFp,sell,0.3, 0.45933, 0.46080, 0.45650,2026.03.30 11:47:09, 0.45816,- 2.61,- 2.82, 63.98,,
2026.03.27 08:22:59,67637498,GBPJPYp,sell,0.1, 212.950, 213.963, 210.930,2026.03.30 11:37:28, 211.501,- 0.87,- 2.22, 132.31,,
2026.03.27 11:53:08,67668801,WTI,buy,1, 94.990, 94.160, 103.325,2026.03.30 02:09:35, 99.190,0.00, 0.13, 6.13,,
2026.03.30 01:39:52,67837182,AUDUSDp,sell,0.5, 0.68492, 0.68746,,2026.03.30 11:40:54, 0.68564,- 4.38,0.00,- 52.51,,
2026.03.30 07:05:03,67889412,AUDJPYp,sell,0.25, 109.707, 110.107, 107.720,2026.03.31 03:57:00, 109.639,- 2.18,- 3.27, 15.51,,
2026.03.31 03:36:41,68101205,EURJPYp,sell,1, 183.140,,,2026.03.31 03:45:36, 183.270,- 8.77,0.00,- 118.64,,
2026.03.31 03:50:04,68106293,EURJPYp,buy,1, 183.306, 183.350, 183.800,2026.03.31 04:11:31, 183.513,- 8.75,0.00, 188.82,,
2026.03.31 03:59:01,68107996,WTI,sell,1K, 100.730,,,2026.03.31 04:09:16, 101.400,0.00,0.00,- 977.45,,
2026.03.31 06:00:41,68134626,EURJPYp,sell,1, 183.153, 183.310, 182.500,2026.03.31 14:37:42, 183.109,- 8.75,0.00, 40.11,,
2026.03.31 06:13:03,68136037,NZDJPYp,sell,0.5, 91.344, 91.540, 90.560,2026.03.31 14:37:49, 91.252,- 4.37,0.00, 41.94,,
2026.04.01 00:45:11,68348495,AUDUSDp,sell,0.5, 0.68975, 0.69120,,2026.04.01 02:50:02, 0.69120,- 4.35,0.00,- 104.89,,
2026.04.01 01:21:31,68352597,GBPJPYp,sell,0.25, 209.886, 210.286,,2026.04.01 03:54:17, 210.286,- 2.17,0.00,- 90.93,,
2026.04.01 02:43:14,68367548,XAUUSDp,buy,0.25,4 693.13,4 698.00,4 728.00,2026.04.01 03:11:00,4 697.76,- 2.17,0.00, 167.23,,
2026.04.01 10:32:13,68447013,AUDUSDp,sell,0.25, 0.69387, 0.69300, 0.67950,2026.04.02 09:52:29, 0.68709,- 2.16,- 3.29, 246.69,,
2026.04.01 10:35:18,68448023,AUDJPYp,sell,0.18, 109.859, 110.479, 108.050,2026.04.06 10:52:39, 110.481,- 1.56,- 11.84,- 101.34,,
2026.04.01 10:49:34,68453819,NZDJPYp,sell,0.18, 91.228, 91.648, 90.050,2026.04.08 01:35:40, 91.685,- 1.56,- 9.81,- 73.72,,
2026.04.02 04:17:55,68651671,WTI,buy,100, 97.250,,,2026.04.02 05:03:09, 98.430,0.00,0.00, 171.32,,
2026.04.02 13:02:01,68801302,CADJPYp,sell,0.25, 114.647, 115.200, 113.450,2026.04.08 02:18:07, 114.597,- 2.18,- 7.79, 11.15,,
2026.04.07 11:03:37,69272675,EURJPYp,sell,0.25, 184.582, 185.050, 182.820,2026.04.07 17:37:51, 185.049,- 2.17,0.00,- 105.11,,
2026.04.08 01:35:40,69458723,AUDUSDp,buy,0.25, 0.70087, 0.69947,,2026.04.08 01:41:56, 0.70327,- 2.14,0.00, 85.32,,
2026.04.08 02:01:15,69472004,AUDUSDp,buy,1, 0.70444,,,2026.04.08 02:09:01, 0.70605,- 8.52,0.00, 228.03,,
2026.04.08 02:24:02,69482627,USDJPYp,sell,1, 158.634,,,2026.04.08 02:27:43, 158.709,- 8.48,0.00,- 66.87,,
2026.04.08 03:05:15,69496650,AUDUSDp,buy,1, 0.70816,,,2026.04.08 03:08:30, 0.70734,- 8.47,0.00,- 115.93,,
2026.04.10 03:58:47,69987634,AUDCHFp,sell,0.25, 0.55976, 0.56226, 0.55585,2026.04.13 00:05:03, 0.55342,- 2.12,- 4.07, 286.40,,
2026.04.14 02:14:19,70593710,EURUSDp,sell,0.12, 1.17631, 1.17854,,2026.04.14 10:02:11, 1.17859,- 1.01,0.00,- 38.56,,
2026.04.14 02:16:39,70593902,GBPUSDp,sell,0.12, 1.35130, 1.35379,,2026.04.14 10:05:43, 1.35379,- 1.01,0.00,- 42.06,,
2026.04.14 15:08:55,70737949,GBPUSDp,sell,0.12, 1.35707, 1.36045, 1.35150,2026.04.16 02:52:00, 1.35729,- 1.01,- 2.54,- 3.68,,
2026.04.16 09:02:12,71280679,GBPAUDp,sell,0.25, 1.88851, 1.88630, 1.88050,2026.04.17 12:27:55, 1.88616,- 2.09,- 0.87, 58.75,,
2026.04.17 07:21:38,71496658,SPX500,buy,1,7 043.7,7 020.0,,2026.04.17 08:12:27,7 038.2,0.00,0.00,- 7.67,,
2026.04.20 02:40:17,71849301,EURUSDp,buy,0.25, 1.17424, 1.17184, 1.17910,2026.04.21 00:44:18, 1.17841,- 2.10,- 3.07, 145.33,,
2026.04.20 02:41:16,71849478,USDJPYp,buy,0.5, 159.139, 159.000,,2026.04.20 03:15:56, 159.135,- 4.20,0.00,- 1.76,,
2026.04.21 05:41:18,72073059,NZDJPYp,sell,0.5, 93.994, 94.019,,2026.04.21 13:31:56, 94.020,- 4.18,0.00,- 11.41,,
2026.04.23 02:43:20,72515251,USDJPYp,sell,0.12, 159.488, 160.050, 158.900,2026.04.27 13:29:39, 159.212,- 1.01,- 3.78, 28.94,,
2026.04.24 05:51:14,72818879,SPX500,sell,10,7 105.9,,,2026.04.24 08:16:02,7 109.1,0.00,0.00,- 44.92,,
2026.04.24 09:01:23,72840694,EURGBPp,sell,10, 0.86736,,,2026.04.24 09:07:02, 0.86747,- 84.19,0.00,- 207.79,,
2026.04.27 11:01:03,73029353,EURUSDp,sell,0.25, 1.17460, 1.17660, 1.17110,2026.04.27 13:29:36, 1.17426,- 2.09,0.00, 11.83,,
2026.04.28 05:54:28,73251171,AUDUSDp,sell,0.25, 0.71790,,,2026.04.28 06:59:47, 0.71851,- 2.09,0.00,- 21.22,,
2026.04.28 06:04:59,73253393,USDJPYp,sell,0.25, 159.225,,,2026.04.28 09:45:12, 159.219,- 2.09,0.00, 1.31,,
2026.04.28 06:05:43,73253515,EURJPYp,sell,0.25, 186.535,,,2026.04.28 09:45:50, 186.275,- 2.09,0.00, 56.91,,
2026.04.28 10:04:26,73292559,EURGBPp,buy,0.25, 0.86553, 0.86420, 0.86780,2026.04.28 14:54:07, 0.86770,- 2.09,0.00, 102.10,,
2026.04.29 03:56:18,73475626,GBPJPYp,sell,0.25, 215.766, 216.166, 215.000,2026.04.29 17:57:31, 216.166,- 2.09,0.00,- 87.46,,
2026.04.29 04:05:58,73478597,XAUUSDp,sell,1,4 584.51,,,2026.04.29 04:07:03,4 584.72,- 8.36,0.00,- 29.26,,
2026.04.29 04:31:31,73481626,AUDUSDp,sell,1, 0.71702,,,2026.04.29 04:33:49, 0.71684,- 8.37,0.00, 25.11,,
2026.04.29 11:17:04,73536037,GER40,sell,1,23 940.4,,,2026.04.29 11:17:52,23 952.0,0.00,0.00,- 18.96,,
